date,open,high,low,close,volume
2019-01-01 00:00:00+05:30,85.1,85.65,84.2,85.3,297408
2019-01-02 00:00:00+05:30,84.5,84.85,82.25,83.05,364190
2019-01-03 00:00:00+05:30,83.65,83.85,81.55,81.9,228984
2019-01-04 00:00:00+05:30,82.05,82.75,81.3,82.4,384102
2019-01-07 00:00:00+05:30,83.25,83.75,80.1,81.35,274125
2019-01-08 00:00:00+05:30,81.4,82.75,80.55,82.25,252248
2019-01-09 00:00:00+05:30,82.8,83.55,80.9,81.6,425030
2019-01-10 00:00:00+05:30,81.2,82.25,80.6,80.9,177716
2019-01-11 00:00:00+05:30,81.35,81.55,80.3,80.9,251048
2019-01-14 00:00:00+05:30,81.15,81.15,79.25,79.65,212543
2019-01-15 00:00:00+05:30,80.1,82.1,79.7,81.35,568205
2019-01-16 00:00:00+05:30,81.55,82.55,80.25,80.6,423906
2019-01-17 00:00:00+05:30,80.5,81.2,78.8,79.6,318304
2019-01-18 00:00:00+05:30,80.1,80.2,78.55,78.8,155350
2019-01-21 00:00:00+05:30,79.3,79.5,77.5,78.1,194551
2019-01-22 00:00:00+05:30,78.1,78.15,75.6,76.95,235927
2019-01-23 00:00:00+05:30,77.0,78.55,76.25,77.7,198135
2019-01-24 00:00:00+05:30,77.9,77.9,75.25,76.4,185047
2019-01-25 00:00:00+05:30,81.75,82.8,77.25,77.65,1748200
2019-01-28 00:00:00+05:30,78.0,80.5,75.05,79.95,809548
2019-01-29 00:00:00+05:30,79.5,83.85,79.5,82.4,1101244
2019-01-30 00:00:00+05:30,82.6,83.15,82.0,82.35,433493
2019-01-31 00:00:00+05:30,82.9,90.4,82.35,87.7,3260688
2019-02-01 00:00:00+05:30,89.2,89.9,84.15,84.85,1207693
2019-02-04 00:00:00+05:30,84.45,85.35,81.35,82.05,384424
2019-02-05 00:00:00+05:30,81.7,83.45,80.25,80.8,322767
2019-02-06 00:00:00+05:30,81.15,81.5,79.1,79.45,387520
2019-02-07 00:00:00+05:30,79.6,82.45,79.3,81.4,343162
2019-02-08 00:00:00+05:30,81.0,81.35,79.7,79.95,265715
2019-02-11 00:00:00+05:30,79.5,79.95,77.85,78.05,203472
2019-02-12 00:00:00+05:30,78.15,79.85,77.3,77.75,536606
2019-02-13 00:00:00+05:30,78.3,80.35,76.5,76.75,589915
2019-02-14 00:00:00+05:30,76.5,78.2,76.4,76.95,270980
2019-02-15 00:00:00+05:30,76.9,77.7,75.5,76.4,263338
2019-02-18 00:00:00+05:30,77.05,77.15,74.1,74.75,263071
2019-02-19 00:00:00+05:30,75.2,77.65,75.15,75.85,379432
2019-02-20 00:00:00+05:30,78.2,80.2,77.1,79.4,1215171
2019-02-21 00:00:00+05:30,80.15,81.35,78.55,80.65,979607
2019-02-22 00:00:00+05:30,80.2,82.4,80.2,81.55,721407
2019-02-25 00:00:00+05:30,81.25,84.3,80.0,82.85,589081
2019-02-26 00:00:00+05:30,81.9,83.5,80.25,81.65,517134
2019-02-27 00:00:00+05:30,82.5,85.4,80.25,80.95,1387649
2019-02-28 00:00:00+05:30,81.0,82.2,81.0,81.4,278992
2019-03-01 00:00:00+05:30,81.95,86.2,81.95,85.8,1147627
2019-03-05 00:00:00+05:30,86.3,91.6,85.55,91.15,1739130
2019-03-06 00:00:00+05:30,91.6,97.2,89.9,95.15,2120341
2019-03-07 00:00:00+05:30,95.0,96.1,92.6,93.25,809544
2019-03-08 00:00:00+05:30,93.0,93.95,90.6,91.05,469890
2019-03-11 00:00:00+05:30,91.8,94.75,91.1,92.7,620543
2019-03-12 00:00:00+05:30,93.35,95.85,93.35,94.05,713274
2019-03-13 00:00:00+05:30,94.45,96.0,93.05,93.4,629830
2019-03-14 00:00:00+05:30,93.6,95.4,92.65,93.9,704022
2019-03-15 00:00:00+05:30,94.2,96.0,88.6,89.9,1094993
2019-03-18 00:00:00+05:30,89.85,91.35,89.0,89.65,337636
2019-03-19 00:00:00+05:30,90.0,93.5,89.4,91.85,1059207
2019-03-20 00:00:00+05:30,93.6,94.1,91.3,91.6,1059944
2019-03-22 00:00:00+05:30,92.0,92.75,89.8,90.3,349705
2019-03-25 00:00:00+05:30,89.45,89.45,84.75,85.4,1016659
2019-03-26 00:00:00+05:30,85.5,87.4,85.15,85.95,603077
2019-03-27 00:00:00+05:30,86.5,87.95,83.55,84.4,1581920
2019-03-28 00:00:00+05:30,84.75,86.9,84.5,85.15,633251
2019-03-29 00:00:00+05:30,85.75,89.2,85.65,86.4,1297625
2019-04-01 00:00:00+05:30,87.6,89.5,86.5,86.85,999001
2019-04-02 00:00:00+05:30,87.2,87.95,85.25,85.5,557265
2019-04-03 00:00:00+05:30,86.0,87.3,84.1,84.6,843307
2019-04-04 00:00:00+05:30,85.6,85.85,83.6,83.95,851923
2019-04-05 00:00:00+05:30,84.05,85.7,84.05,84.6,560351
2019-04-08 00:00:00+05:30,84.8,85.9,82.8,83.4,641455
2019-04-09 00:00:00+05:30,83.4,83.5,82.35,83.25,453827
2019-04-10 00:00:00+05:30,83.1,84.2,82.5,82.95,502367
2019-04-11 00:00:00+05:30,82.85,83.6,81.55,82.0,630732
2019-04-12 00:00:00+05:30,81.9,82.75,81.65,82.0,827194
2019-04-15 00:00:00+05:30,82.4,87.3,82.15,85.45,1495927
2019-04-16 00:00:00+05:30,86.15,92.0,85.85,88.4,2758301
2019-04-18 00:00:00+05:30,88.4,89.15,85.75,86.35,719257
2019-04-22 00:00:00+05:30,85.1,86.6,83.75,84.15,436074
2019-04-23 00:00:00+05:30,84.0,85.4,82.9,83.25,953612
2019-04-24 00:00:00+05:30,83.45,84.35,83.1,83.65,369730
2019-04-25 00:00:00+05:30,84.0,85.35,83.05,83.5,357847
2019-04-26 00:00:00+05:30,83.75,85.15,83.1,83.5,447414
2019-04-30 00:00:00+05:30,83.0,83.55,80.65,81.1,1111099
2019-05-02 00:00:00+05:30,81.05,82.35,80.4,81.4,353857
2019-05-03 00:00:00+05:30,81.9,82.75,80.65,81.0,558362
2019-05-06 00:00:00+05:30,80.0,80.7,79.7,80.05,471483
2019-05-07 00:00:00+05:30,80.5,80.8,77.6,78.15,716520
2019-05-08 00:00:00+05:30,77.5,78.9,76.55,76.8,336886
2019-05-09 00:00:00+05:30,76.55,78.35,76.4,77.2,395804
2019-05-10 00:00:00+05:30,77.5,78.4,76.7,77.1,955298
2019-05-13 00:00:00+05:30,77.0,77.65,73.25,73.75,434773
2019-05-14 00:00:00+05:30,73.5,76.95,72.8,75.8,371109
2019-05-15 00:00:00+05:30,76.0,76.9,73.6,73.95,239643
2019-05-16 00:00:00+05:30,74.35,75.05,73.5,74.2,247619
2019-05-17 00:00:00+05:30,74.3,76.0,73.65,75.55,300175
2019-05-20 00:00:00+05:30,77.8,83.5,77.45,82.6,858202
2019-05-21 00:00:00+05:30,83.55,83.7,77.8,80.1,508872
2019-05-22 00:00:00+05:30,80.25,82.7,79.15,82.2,359010
2019-05-23 00:00:00+05:30,83.75,84.9,82.0,82.4,723315
2019-05-24 00:00:00+05:30,82.9,87.2,82.0,86.75,1055876
2019-05-27 00:00:00+05:30,86.8,89.95,85.5,88.0,1141387
2019-05-28 00:00:00+05:30,88.0,92.8,87.75,92.05,1276038
2019-05-29 00:00:00+05:30,92.35,92.5,89.0,89.45,590131
2019-05-30 00:00:00+05:30,89.45,89.7,86.9,88.95,651534
2019-05-31 00:00:00+05:30,89.0,91.3,86.8,88.25,832198
2019-06-03 00:00:00+05:30,88.45,90.8,87.2,89.15,704716
2019-06-04 00:00:00+05:30,89.35,90.5,87.45,87.85,561812
2019-06-06 00:00:00+05:30,88.25,88.95,85.25,85.7,547907
2019-06-07 00:00:00+05:30,85.35,86.8,84.35,85.15,369010
2019-06-10 00:00:00+05:30,85.5,87.0,84.7,85.15,428057
2019-06-11 00:00:00+05:30,84.85,85.85,84.2,85.25,292778
2019-06-12 00:00:00+05:30,84.95,86.0,83.1,83.5,270013
2019-06-13 00:00:00+05:30,82.9,83.85,82.0,82.2,248254
2019-06-14 00:00:00+05:30,82.0,82.95,81.05,81.95,283075
2019-06-17 00:00:00+05:30,81.5,81.85,80.6,81.15,279461
2019-06-18 00:00:00+05:30,81.0,81.55,80.2,80.7,180923
2019-06-19 00:00:00+05:30,81.3,82.35,78.0,78.35,367546
2019-06-20 00:00:00+05:30,78.1,80.65,76.95,80.2,322480
2019-06-21 00:00:00+05:30,80.85,82.7,80.1,81.15,396861
2019-06-24 00:00:00+05:30,82.0,83.0,81.4,81.95,328751
2019-06-25 00:00:00+05:30,81.7,83.0,80.8,82.7,200443
2019-06-26 00:00:00+05:30,83.15,85.0,81.6,84.1,340757
2019-06-27 00:00:00+05:30,84.1,85.9,83.3,84.75,381561
2019-06-28 00:00:00+05:30,84.1,85.7,83.1,83.25,320967
2019-07-01 00:00:00+05:30,83.55,84.8,83.25,84.0,196828
2019-07-02 00:00:00+05:30,83.65,83.85,82.35,82.7,141492
2019-07-03 00:00:00+05:30,82.55,84.6,82.5,83.5,296336
2019-07-04 00:00:00+05:30,83.4,85.5,83.4,84.3,290592
2019-07-05 00:00:00+05:30,84.05,85.5,81.0,81.7,316217
2019-07-08 00:00:00+05:30,80.9,80.9,77.85,78.65,224349
2019-07-09 00:00:00+05:30,78.9,79.5,77.8,78.75,199286
2019-07-10 00:00:00+05:30,78.5,79.2,76.65,76.95,290970
2019-07-11 00:00:00+05:30,77.9,78.05,77.1,77.55,174544
2019-07-12 00:00:00+05:30,77.5,78.55,76.5,76.8,455114
2019-07-15 00:00:00+05:30,77.1,77.6,76.1,77.0,278056
2019-07-16 00:00:00+05:30,77.0,78.85,76.2,78.15,291593
2019-07-17 00:00:00+05:30,77.95,79.25,77.25,78.8,274185
2019-07-18 00:00:00+05:30,78.8,79.65,76.8,77.2,248157
2019-07-19 00:00:00+05:30,77.6,78.4,76.0,76.6,193204
2019-07-22 00:00:00+05:30,76.6,76.6,73.75,74.2,340328
2019-07-23 00:00:00+05:30,74.45,75.8,74.05,75.25,176535
2019-07-24 00:00:00+05:30,75.0,79.8,73.7,76.35,307059
2019-07-25 00:00:00+05:30,77.0,77.6,76.0,76.6,215203
2019-07-26 00:00:00+05:30,76.0,76.5,75.05,75.7,203034
2019-07-29 00:00:00+05:30,75.5,75.7,73.05,73.45,235528
2019-07-30 00:00:00+05:30,73.05,73.6,68.0,68.3,532166
2019-07-31 00:00:00+05:30,68.3,68.85,65.1,67.45,653989
2019-08-01 00:00:00+05:30,66.95,68.4,66.0,66.85,357270
2019-08-02 00:00:00+05:30,66.25,67.4,65.7,67.05,264508
2019-08-05 00:00:00+05:30,66.0,66.5,63.0,63.7,367431
2019-08-06 00:00:00+05:30,63.15,65.85,63.15,64.9,328299
2019-08-07 00:00:00+05:30,65.4,67.2,63.65,64.0,330249
2019-08-08 00:00:00+05:30,64.25,65.9,63.9,65.3,240831
2019-08-09 00:00:00+05:30,65.75,69.65,65.7,68.25,382120
2019-08-13 00:00:00+05:30,68.9,71.45,67.55,68.5,692620
2019-08-14 00:00:00+05:30,68.55,69.9,67.6,68.65,351092
2019-08-16 00:00:00+05:30,68.05,71.4,67.15,70.6,928912
2019-08-19 00:00:00+05:30,70.05,73.15,70.05,71.95,452499
2019-08-20 00:00:00+05:30,71.75,72.55,69.75,70.2,252929
2019-08-21 00:00:00+05:30,69.9,70.25,66.85,67.2,242974
2019-08-22 00:00:00+05:30,66.35,66.55,64.5,65.05,294152
2019-08-23 00:00:00+05:30,64.7,67.8,63.3,66.85,308157
2019-08-26 00:00:00+05:30,68.9,71.1,67.25,70.6,332856
2019-08-27 00:00:00+05:30,70.9,72.65,70.05,72.2,506182
2019-08-28 00:00:00+05:30,72.2,72.7,67.1,67.65,734197
2019-08-29 00:00:00+05:30,65.9,67.75,65.6,67.0,326429
2019-08-30 00:00:00+05:30,68.0,69.95,67.5,69.4,360635
2019-09-03 00:00:00+05:30,68.4,68.75,66.25,66.55,198285
2019-09-04 00:00:00+05:30,66.4,68.95,65.15,68.5,537572
2019-09-05 00:00:00+05:30,69.0,70.6,68.3,69.3,363936
2019-09-06 00:00:00+05:30,69.5,72.0,69.3,71.6,709008
2019-09-09 00:00:00+05:30,71.65,73.6,70.4,72.25,466183
2019-09-11 00:00:00+05:30,72.55,79.4,72.55,78.65,1110832
2019-09-12 00:00:00+05:30,78.5,80.75,77.7,78.6,665075
2019-09-13 00:00:00+05:30,78.9,80.35,76.55,79.5,328838
2019-09-16 00:00:00+05:30,78.55,82.0,77.05,81.0,540851
2019-09-17 00:00:00+05:30,82.45,83.2,77.5,78.0,665616
2019-09-18 00:00:00+05:30,78.15,83.7,77.4,81.2,1722076
2019-09-19 00:00:00+05:30,81.4,81.4,75.8,76.65,549020
2019-09-20 00:00:00+05:30,77.6,85.5,76.5,84.65,1691924
2019-09-23 00:00:00+05:30,86.0,88.25,85.0,85.3,733662
2019-09-24 00:00:00+05:30,85.4,86.2,83.8,84.7,395319
2019-09-25 00:00:00+05:30,84.5,85.4,81.5,81.95,419159
2019-09-26 00:00:00+05:30,81.95,84.3,81.95,83.3,377531
2019-09-27 00:00:00+05:30,83.35,88.5,83.35,86.85,1281063
2019-09-30 00:00:00+05:30,86.9,88.4,85.5,85.75,657462
2019-10-01 00:00:00+05:30,85.0,86.45,81.0,84.3,595120
2019-10-03 00:00:00+05:30,83.0,83.95,81.85,83.0,313222
2019-10-04 00:00:00+05:30,83.5,84.4,80.0,80.45,277505
2019-10-07 00:00:00+05:30,80.1,81.0,79.1,79.6,174650
2019-10-09 00:00:00+05:30,79.85,85.85,77.2,84.65,726855
2019-10-10 00:00:00+05:30,83.0,84.5,81.05,81.45,489911
2019-10-11 00:00:00+05:30,81.9,83.5,81.4,82.3,309601
2019-10-14 00:00:00+05:30,82.25,85.85,82.1,82.5,344449
2019-10-15 00:00:00+05:30,82.5,84.2,82.25,83.15,267403
2019-10-16 00:00:00+05:30,83.7,83.85,81.7,82.0,197937
2019-10-17 00:00:00+05:30,82.05,85.4,81.65,84.9,378265
2019-10-18 00:00:00+05:30,84.85,89.0,84.4,88.0,900701
2019-10-22 00:00:00+05:30,87.8,91.2,86.6,87.3,678225
2019-10-23 00:00:00+05:30,87.65,88.45,86.4,87.1,331163
2019-10-24 00:00:00+05:30,87.7,88.35,85.5,85.75,160547
2019-10-25 00:00:00+05:30,86.15,86.8,84.1,84.5,278777
2019-10-27 00:00:00+05:30,85.2,86.65,84.35,86.35,91479
2019-10-29 00:00:00+05:30,86.65,89.5,85.55,87.0,439198
2019-10-30 00:00:00+05:30,87.0,89.0,86.6,88.1,469960
2019-10-31 00:00:00+05:30,89.25,91.2,88.15,88.7,801437
2019-11-01 00:00:00+05:30,90.5,92.9,86.1,86.65,1975917
2019-11-04 00:00:00+05:30,87.25,88.85,86.65,86.9,538325
2019-11-05 00:00:00+05:30,88.35,88.65,86.3,87.5,545424
2019-11-06 00:00:00+05:30,86.8,87.95,86.0,86.5,390638
2019-11-07 00:00:00+05:30,86.75,87.4,85.6,86.0,383680
2019-11-08 00:00:00+05:30,85.95,89.0,85.05,85.75,768240
2019-11-11 00:00:00+05:30,85.6,86.45,83.5,84.05,456446
2019-11-13 00:00:00+05:30,83.45,84.25,81.35,81.65,361449
2019-11-14 00:00:00+05:30,82.0,83.1,81.05,81.9,233106
2019-11-15 00:00:00+05:30,81.95,82.5,80.15,80.35,254811
2019-11-18 00:00:00+05:30,80.5,82.1,79.75,80.1,313018
2019-11-19 00:00:00+05:30,80.3,82.4,80.2,81.25,393783
2019-11-20 00:00:00+05:30,81.8,82.4,80.9,81.3,178821
2019-11-21 00:00:00+05:30,80.8,81.8,79.25,79.6,240241
2019-11-22 00:00:00+05:30,79.85,80.05,78.6,78.9,223422
2019-11-25 00:00:00+05:30,79.15,80.65,79.05,79.75,219927
2019-11-26 00:00:00+05:30,80.2,80.9,78.25,78.45,289052
2019-11-27 00:00:00+05:30,78.6,80.2,78.25,78.4,238239
2019-11-28 00:00:00+05:30,78.6,79.2,77.85,78.35,229636
2019-11-29 00:00:00+05:30,78.1,81.4,77.9,80.6,493489
2019-12-02 00:00:00+05:30,80.5,81.45,78.85,80.05,426501
2019-12-03 00:00:00+05:30,80.1,80.35,76.0,76.8,368103
2019-12-04 00:00:00+05:30,76.4,77.0,75.25,76.55,441638
2019-12-05 00:00:00+05:30,76.55,77.1,75.1,75.35,249608
2019-12-06 00:00:00+05:30,75.6,76.0,73.25,74.25,317389
2019-12-09 00:00:00+05:30,74.3,74.55,73.0,73.1,181078
2019-12-10 00:00:00+05:30,73.4,73.55,71.5,71.7,227942
2019-12-11 00:00:00+05:30,71.5,72.6,70.1,70.5,452778
2019-12-12 00:00:00+05:30,70.85,73.8,70.8,73.25,228770
2019-12-13 00:00:00+05:30,74.0,76.1,73.2,75.6,423310
2019-12-16 00:00:00+05:30,75.7,76.3,73.25,73.6,176448
2019-12-17 00:00:00+05:30,74.0,76.3,73.55,75.8,322745
2019-12-18 00:00:00+05:30,76.0,76.25,73.0,73.65,297387
2019-12-19 00:00:00+05:30,73.35,74.45,72.35,72.65,220686
2019-12-20 00:00:00+05:30,73.0,73.2,71.8,72.1,284258
2019-12-23 00:00:00+05:30,71.55,72.6,70.5,70.7,263199
2019-12-24 00:00:00+05:30,70.95,71.75,70.7,70.85,200290
2019-12-26 00:00:00+05:30,71.0,72.1,70.8,71.3,230518
2019-12-27 00:00:00+05:30,71.4,73.3,71.35,71.65,287224
2019-12-30 00:00:00+05:30,71.9,72.35,70.8,71.05,268965
2019-12-31 00:00:00+05:30,71.05,74.8,71.05,73.05,1057583
2020-01-01 00:00:00+05:30,73.25,86.75,73.2,85.15,8307178
2020-01-02 00:00:00+05:30,86.3,89.4,82.2,85.1,5118349
2020-01-03 00:00:00+05:30,85.3,91.0,85.2,87.9,3589621
2020-01-06 00:00:00+05:30,86.75,86.75,82.05,82.4,1034525
2020-01-07 00:00:00+05:30,83.85,85.65,82.35,83.75,758620
2020-01-08 00:00:00+05:30,81.25,85.7,80.6,84.1,1221857
2020-01-09 00:00:00+05:30,85.8,94.5,85.0,92.35,4834232
2020-01-10 00:00:00+05:30,92.4,95.8,90.45,92.6,2661191
2020-01-13 00:00:00+05:30,93.0,95.7,91.4,93.9,1561380
2020-01-14 00:00:00+05:30,93.9,94.9,92.15,92.8,896312
2020-01-15 00:00:00+05:30,93.0,101.35,92.0,99.7,4508448
2020-01-16 00:00:00+05:30,100.6,102.6,98.1,98.5,2449171
2020-01-17 00:00:00+05:30,98.7,101.25,97.65,98.35,1498553
2020-01-20 00:00:00+05:30,98.8,99.45,94.1,95.3,1064639
2020-01-21 00:00:00+05:30,94.45,96.7,93.15,94.3,1233059
2020-01-22 00:00:00+05:30,94.85,99.85,94.1,98.5,2139236
2020-01-23 00:00:00+05:30,98.85,102.35,98.25,99.6,2210690
2020-01-24 00:00:00+05:30,99.15,101.35,96.8,97.2,1464749
2020-01-27 00:00:00+05:30,96.0,97.8,95.05,95.35,848430
2020-01-28 00:00:00+05:30,96.1,96.3,92.1,93.15,748684
2020-01-29 00:00:00+05:30,93.7,95.95,93.35,95.4,817290
2020-01-30 00:00:00+05:30,95.3,95.45,92.4,92.7,526491
2020-01-31 00:00:00+05:30,93.2,94.25,89.6,90.05,709222
2020-02-01 00:00:00+05:30,89.8,96.0,87.15,88.1,2370622
2020-02-03 00:00:00+05:30,87.9,90.95,86.3,89.05,910844
2020-02-04 00:00:00+05:30,89.85,92.9,86.65,88.65,1593042
2020-02-05 00:00:00+05:30,88.6,90.75,87.45,89.2,1002535
2020-02-06 00:00:00+05:30,89.8,91.6,89.25,90.35,817912
2020-02-07 00:00:00+05:30,90.75,90.75,88.5,89.15,594728
2020-02-10 00:00:00+05:30,89.2,89.5,85.25,85.5,548110
2020-02-11 00:00:00+05:30,85.9,87.3,85.0,85.2,506250
2020-02-12 00:00:00+05:30,85.75,86.2,82.2,82.95,515674
2020-02-13 00:00:00+05:30,83.0,83.25,81.15,81.85,347906
2020-02-14 00:00:00+05:30,81.85,89.25,81.65,88.5,2127376
2020-02-17 00:00:00+05:30,88.95,92.2,86.5,91.25,1769933
2020-02-18 00:00:00+05:30,91.95,93.25,87.35,89.1,2074454
2020-02-19 00:00:00+05:30,89.15,90.6,88.1,88.6,523198
2020-02-20 00:00:00+05:30,88.5,91.3,88.05,89.65,745320
2020-02-24 00:00:00+05:30,88.9,89.4,85.15,85.45,458181
2020-02-25 00:00:00+05:30,85.85,86.7,83.65,84.05,405977
2020-02-26 00:00:00+05:30,83.75,86.25,81.2,82.5,665788
2020-02-27 00:00:00+05:30,82.4,82.9,79.55,82.25,552251
2020-02-28 00:00:00+05:30,80.6,80.6,75.0,76.0,623474
2020-03-02 00:00:00+05:30,77.3,81.45,75.2,77.05,783145
2020-03-03 00:00:00+05:30,78.1,83.45,78.1,82.1,645994
2020-03-04 00:00:00+05:30,82.4,84.5,80.15,83.5,835620
2020-03-05 00:00:00+05:30,85.0,85.55,82.5,83.35,677634
2020-03-06 00:00:00+05:30,80.75,81.5,78.4,79.25,712807
2020-03-09 00:00:00+05:30,77.0,78.4,71.1,72.85,1048865
2020-03-11 00:00:00+05:30,73.0,74.25,71.25,71.8,404372
2020-03-12 00:00:00+05:30,69.4,69.5,61.95,62.8,755043
2020-03-13 00:00:00+05:30,54.2,68.5,54.1,66.0,937524
2020-03-16 00:00:00+05:30,63.0,66.15,58.7,64.35,1178069
2020-03-17 00:00:00+05:30,64.6,65.0,59.1,61.1,620133
2020-03-18 00:00:00+05:30,60.4,62.35,53.7,54.25,652575
2020-03-19 00:00:00+05:30,52.0,52.0,43.4,49.95,1455544
2020-03-20 00:00:00+05:30,49.7,58.0,49.7,54.3,1041128
2020-03-23 00:00:00+05:30,50.25,51.9,44.2,45.2,683171
2020-03-24 00:00:00+05:30,49.25,49.25,40.5,41.2,1075847
2020-03-25 00:00:00+05:30,42.15,45.3,40.5,45.0,533228
2020-03-26 00:00:00+05:30,45.95,48.0,42.55,43.1,841722
2020-03-27 00:00:00+05:30,44.25,45.2,40.8,41.5,1233492
2020-03-30 00:00:00+05:30,40.1,43.15,39.85,41.65,424276
2020-03-31 00:00:00+05:30,42.35,45.8,41.75,45.8,827083
2020-04-01 00:00:00+05:30,47.0,49.9,43.8,48.55,1160756
2020-04-03 00:00:00+05:30,49.0,49.0,46.55,47.25,459285
2020-04-07 00:00:00+05:30,48.25,50.1,47.55,49.35,661047
2020-04-08 00:00:00+05:30,48.95,52.95,48.25,50.3,644454
2020-04-09 00:00:00+05:30,51.3,53.0,50.8,52.15,579488
2020-04-13 00:00:00+05:30,51.7,54.4,50.1,53.25,565529
2020-04-15 00:00:00+05:30,54.1,56.25,52.2,53.1,687835
2020-04-16 00:00:00+05:30,52.5,58.4,52.1,58.4,1129274
2020-04-17 00:00:00+05:30,60.0,61.15,57.65,58.75,761559
2020-04-20 00:00:00+05:30,59.6,59.8,56.5,56.95,777998
2020-04-21 00:00:00+05:30,55.7,55.7,51.5,52.85,566659
2020-04-22 00:00:00+05:30,52.0,53.45,51.3,51.65,582528
2020-04-23 00:00:00+05:30,52.4,56.2,51.95,54.6,1403155
2020-04-24 00:00:00+05:30,54.0,54.0,51.6,51.95,504840
2020-04-27 00:00:00+05:30,52.45,53.35,51.85,52.1,435494
2020-04-28 00:00:00+05:30,52.85,55.8,51.1,54.55,1179409
2020-04-29 00:00:00+05:30,54.8,55.75,53.8,54.75,793914
2020-04-30 00:00:00+05:30,55.25,57.95,54.4,55.8,2165116
2020-05-04 00:00:00+05:30,53.3,53.5,52.0,52.25,373031
2020-05-05 00:00:00+05:30,52.75,53.7,50.25,50.45,396663
2020-05-06 00:00:00+05:30,51.1,52.45,50.45,51.2,371186
2020-05-07 00:00:00+05:30,50.8,52.25,50.3,50.75,331415
2020-05-08 00:00:00+05:30,51.9,52.8,50.8,51.05,416481
2020-05-11 00:00:00+05:30,51.3,52.1,50.2,50.45,285341
2020-05-12 00:00:00+05:30,50.3,50.3,48.9,49.8,265145
2020-05-13 00:00:00+05:30,52.4,54.45,51.15,53.55,841008
2020-05-14 00:00:00+05:30,54.0,55.0,52.5,52.8,789227
2020-05-15 00:00:00+05:30,52.8,52.8,51.5,51.75,427764
2020-05-18 00:00:00+05:30,51.95,51.95,48.0,48.35,555547
2020-05-19 00:00:00+05:30,49.5,49.5,48.2,48.65,290780
2020-05-20 00:00:00+05:30,49.05,49.7,48.45,49.0,239078
2020-05-21 00:00:00+05:30,49.65,49.85,48.25,48.45,482771
2020-05-22 00:00:00+05:30,48.3,48.7,47.1,47.2,434546
2020-05-26 00:00:00+05:30,47.65,48.0,46.0,46.15,590828
2020-05-27 00:00:00+05:30,46.4,46.8,45.7,46.45,579415
2020-05-28 00:00:00+05:30,46.7,48.45,46.7,47.4,816178
2020-05-29 00:00:00+05:30,47.6,49.25,45.55,46.05,1792160
2020-06-01 00:00:00+05:30,47.0,49.85,46.9,49.3,1750123
2020-06-02 00:00:00+05:30,49.4,53.4,49.05,52.8,2165929
2020-06-03 00:00:00+05:30,53.7,55.5,51.55,52.8,3847502
2020-06-04 00:00:00+05:30,52.65,54.5,52.55,53.2,999069
2020-06-05 00:00:00+05:30,54.3,58.7,54.1,57.1,3163531
2020-06-08 00:00:00+05:30,60.5,62.0,57.05,57.8,2210447
2020-06-09 00:00:00+05:30,58.1,59.4,55.9,56.3,1126450
2020-06-10 00:00:00+05:30,56.4,56.85,54.4,55.0,918003
2020-06-11 00:00:00+05:30,54.6,57.2,52.9,53.7,1155451
2020-06-12 00:00:00+05:30,52.0,53.45,51.15,53.15,1043873
2020-06-15 00:00:00+05:30,53.2,55.7,52.25,55.1,2424544
2020-06-16 00:00:00+05:30,56.5,57.4,53.05,55.1,2137190
2020-06-17 00:00:00+05:30,54.5,54.5,52.7,53.3,1282025
2020-06-18 00:00:00+05:30,53.45,62.7,53.45,61.0,8960118
2020-06-19 00:00:00+05:30,61.0,62.45,59.0,59.3,2812849
2020-06-22 00:00:00+05:30,59.1,60.9,58.5,59.3,1968589
2020-06-23 00:00:00+05:30,59.65,63.9,59.3,62.15,3787134
2020-06-24 00:00:00+05:30,62.7,63.4,59.4,59.65,2149574
2020-06-25 00:00:00+05:30,58.55,62.8,58.0,62.15,3190000
2020-06-26 00:00:00+05:30,62.75,63.25,60.65,61.15,1591995
2020-06-29 00:00:00+05:30,58.9,59.35,57.05,58.3,2411583
2020-06-30 00:00:00+05:30,59.1,59.95,57.25,57.9,2219259
2020-07-01 00:00:00+05:30,58.1,58.8,57.5,57.65,1121310
2020-07-02 00:00:00+05:30,58.2,58.7,57.6,58.1,1151257
2020-07-03 00:00:00+05:30,58.4,61.5,58.3,60.7,3269049
2020-07-06 00:00:00+05:30,61.1,65.0,61.1,64.05,8575830
2020-07-07 00:00:00+05:30,63.7,64.35,62.05,62.4,1444605
2020-07-08 00:00:00+05:30,62.8,63.9,62.1,62.35,1588440
2020-07-09 00:00:00+05:30,62.85,65.75,62.7,63.45,3054070
2020-07-10 00:00:00+05:30,63.2,64.3,62.0,62.25,1163322
2020-07-13 00:00:00+05:30,63.0,63.2,60.3,60.8,1441607
2020-07-14 00:00:00+05:30,60.5,60.5,58.0,58.45,1159988
2020-07-15 00:00:00+05:30,60.25,61.25,57.25,57.6,2103672
2020-07-16 00:00:00+05:30,57.65,58.0,55.7,56.85,997682
2020-07-17 00:00:00+05:30,57.1,59.3,57.1,58.65,1490050
2020-07-20 00:00:00+05:30,59.0,59.2,57.65,57.95,1682944
2020-07-21 00:00:00+05:30,58.4,59.0,57.3,57.55,1049038
2020-07-22 00:00:00+05:30,57.9,58.85,57.1,57.5,1192161
2020-07-23 00:00:00+05:30,57.5,58.35,57.05,57.3,979491
2020-07-24 00:00:00+05:30,56.6,57.65,56.2,56.75,776600
2020-07-27 00:00:00+05:30,57.0,57.1,55.2,55.4,560544
2020-07-28 00:00:00+05:30,55.65,56.4,55.35,55.6,556115
2020-07-29 00:00:00+05:30,55.9,58.35,55.7,57.65,1464839
2020-07-30 00:00:00+05:30,57.6,58.55,56.0,56.15,595006
2020-07-31 00:00:00+05:30,56.35,56.4,54.5,54.7,699957
2020-08-03 00:00:00+05:30,54.5,56.2,54.3,55.3,760115
2020-08-04 00:00:00+05:30,55.65,58.15,55.65,57.75,1021413
2020-08-05 00:00:00+05:30,55.9,58.5,55.3,57.8,1796352
2020-08-06 00:00:00+05:30,57.25,60.8,57.25,59.3,1716910
2020-08-07 00:00:00+05:30,58.65,62.25,58.65,60.85,2877102
2020-08-10 00:00:00+05:30,61.05,61.6,59.9,60.0,820481
2020-08-11 00:00:00+05:30,60.45,61.85,60.2,61.05,1198685
2020-08-12 00:00:00+05:30,60.7,62.25,60.0,60.65,790654
2020-08-13 00:00:00+05:30,61.15,61.65,59.8,59.9,706694
2020-08-14 00:00:00+05:30,60.2,60.85,58.0,58.6,1425028
2020-08-17 00:00:00+05:30,59.15,64.75,58.8,63.5,7733075
2020-08-18 00:00:00+05:30,63.75,65.8,63.5,64.8,3088055
2020-08-19 00:00:00+05:30,65.0,70.0,64.8,68.05,5460028
2020-08-20 00:00:00+05:30,68.0,71.7,65.05,68.05,3789362
2020-08-21 00:00:00+05:30,66.9,69.55,66.65,67.85,3312860
2020-08-24 00:00:00+05:30,68.0,69.25,66.6,67.85,1454685
2020-08-25 00:00:00+05:30,68.0,69.0,67.0,67.75,1017412
2020-08-26 00:00:00+05:30,68.25,68.25,67.1,67.65,942453
2020-08-27 00:00:00+05:30,67.8,70.0,67.25,67.55,1965642
2020-08-28 00:00:00+05:30,68.0,68.6,66.7,66.85,852275
2020-08-31 00:00:00+05:30,67.0,67.4,60.15,62.3,1801320
2020-09-01 00:00:00+05:30,62.2,63.25,60.25,61.7,704768
2020-09-02 00:00:00+05:30,62.35,65.0,62.1,64.5,633918
2020-09-03 00:00:00+05:30,65.0,66.7,63.65,65.65,892249
2020-09-04 00:00:00+05:30,64.5,66.6,63.25,63.55,1023528
2020-09-07 00:00:00+05:30,63.95,64.5,62.2,63.4,917364
2020-09-08 00:00:00+05:30,63.4,63.7,62.65,63.25,740997
2020-09-09 00:00:00+05:30,62.2,64.4,62.05,63.85,931422
2020-09-10 00:00:00+05:30,64.35,65.0,63.1,63.65,349065
2020-09-11 00:00:00+05:30,63.9,64.3,62.75,63.3,501613
2020-09-14 00:00:00+05:30,63.8,66.7,63.75,65.1,850498
2020-09-15 00:00:00+05:30,65.4,66.2,64.5,64.85,491826
2020-09-16 00:00:00+05:30,65.6,71.4,64.85,70.0,5396373
2020-09-17 00:00:00+05:30,70.45,74.75,69.95,70.95,8161074
2020-09-18 00:00:00+05:30,71.0,71.0,67.0,67.4,1712115
2020-09-21 00:00:00+05:30,67.4,67.95,63.0,63.45,1075593
2020-09-22 00:00:00+05:30,63.55,63.95,60.25,61.55,1008338
2020-09-23 00:00:00+05:30,62.4,64.8,62.15,64.1,1254200
2020-09-24 00:00:00+05:30,63.45,64.4,62.55,62.85,865131
2020-09-25 00:00:00+05:30,63.55,64.15,62.2,63.2,710444
2020-09-28 00:00:00+05:30,64.0,65.45,63.45,64.45,614324
2020-09-29 00:00:00+05:30,64.7,65.5,64.1,64.45,485412
2020-09-30 00:00:00+05:30,64.75,64.95,62.55,62.9,452626
2020-10-01 00:00:00+05:30,63.3,65.2,63.05,63.45,485444
2020-10-05 00:00:00+05:30,63.85,64.6,62.45,63.35,361669
2020-10-06 00:00:00+05:30,63.5,64.8,63.4,63.7,559331
2020-10-07 00:00:00+05:30,64.0,64.4,61.7,62.1,499232
2020-10-08 00:00:00+05:30,62.3,63.5,61.85,62.3,449246
2020-10-09 00:00:00+05:30,62.3,63.2,61.45,61.8,402148
2020-10-12 00:00:00+05:30,62.9,62.9,60.5,60.85,445636
2020-10-13 00:00:00+05:30,60.85,61.1,60.1,60.75,489563
2020-10-14 00:00:00+05:30,60.0,61.75,58.0,60.65,1128666
2020-10-15 00:00:00+05:30,61.05,61.8,60.3,60.75,582184
2020-10-16 00:00:00+05:30,60.8,61.5,59.8,60.8,336579
2020-10-19 00:00:00+05:30,61.0,62.55,60.3,62.1,593559
2020-10-20 00:00:00+05:30,62.0,62.65,61.4,61.95,556494
2020-10-21 00:00:00+05:30,62.35,63.85,62.15,63.25,602243
2020-10-22 00:00:00+05:30,63.65,63.65,61.45,62.5,446564
2020-10-23 00:00:00+05:30,62.85,63.7,61.6,62.05,427599
2020-10-26 00:00:00+05:30,62.5,63.0,60.6,60.85,448381
2020-10-27 00:00:00+05:30,60.8,61.7,60.2,61.05,323189
2020-10-28 00:00:00+05:30,61.0,61.4,59.75,60.05,484763
2020-10-29 00:00:00+05:30,59.25,60.4,59.1,59.85,387475
2020-10-30 00:00:00+05:30,60.0,61.1,59.6,60.25,429115
2020-11-02 00:00:00+05:30,60.55,61.05,59.75,59.95,271285
2020-11-03 00:00:00+05:30,61.0,62.7,60.4,60.85,468892
2020-11-04 00:00:00+05:30,61.3,61.3,58.8,59.8,321997
2020-11-05 00:00:00+05:30,60.65,62.5,60.25,62.0,565408
2020-11-06 00:00:00+05:30,62.5,63.3,61.8,62.25,526580
2020-11-09 00:00:00+05:30,62.65,63.8,61.25,61.6,837211
2020-11-10 00:00:00+05:30,61.7,62.4,61.0,61.6,795425
2020-11-11 00:00:00+05:30,61.95,62.7,61.45,62.0,485339
2020-11-12 00:00:00+05:30,62.7,65.4,62.05,64.0,1700285
2020-11-13 00:00:00+05:30,64.3,65.8,63.3,64.55,520276
2020-11-14 00:00:00+05:30,66.1,66.5,64.75,64.95,243853
2020-11-17 00:00:00+05:30,65.65,67.75,65.3,65.65,1172638
2020-11-18 00:00:00+05:30,66.0,67.85,65.75,66.75,1911832
2020-11-19 00:00:00+05:30,65.7,68.8,65.45,66.25,1596441
2020-11-20 00:00:00+05:30,66.7,67.4,65.2,65.5,558714
2020-11-23 00:00:00+05:30,66.3,67.7,66.0,67.0,946219
2020-11-24 00:00:00+05:30,67.25,67.6,66.15,66.65,437512
2020-11-25 00:00:00+05:30,68.0,68.9,66.15,67.7,2014096
2020-11-26 00:00:00+05:30,67.7,68.85,67.1,68.3,858483
2020-11-27 00:00:00+05:30,68.5,71.25,68.5,69.75,2040036
2020-12-01 00:00:00+05:30,70.15,73.1,69.15,72.0,2377632
2020-12-02 00:00:00+05:30,72.5,76.4,72.0,75.4,3667046
2020-12-03 00:00:00+05:30,76.9,78.0,75.7,75.95,2357907
2020-12-04 00:00:00+05:30,76.5,76.7,72.55,73.9,1484281
2020-12-07 00:00:00+05:30,74.9,77.0,74.85,76.2,1879035
2020-12-08 00:00:00+05:30,76.45,76.75,72.8,73.25,1863311
2020-12-09 00:00:00+05:30,74.0,74.8,72.9,73.65,1001786
2020-12-10 00:00:00+05:30,73.05,73.75,71.25,72.35,911560
2020-12-11 00:00:00+05:30,72.95,78.3,72.8,76.45,3590931
2020-12-14 00:00:00+05:30,77.0,77.7,75.7,76.9,1330110
2020-12-15 00:00:00+05:30,77.5,80.8,76.5,79.55,2836415
2020-12-16 00:00:00+05:30,80.75,81.9,79.0,79.35,2602335
2020-12-17 00:00:00+05:30,79.7,79.8,76.65,77.15,1031479
2020-12-18 00:00:00+05:30,77.2,77.45,74.55,76.2,939751
2020-12-21 00:00:00+05:30,76.6,77.95,68.2,70.2,1305856
2020-12-22 00:00:00+05:30,71.2,72.4,67.5,71.6,1036234
2020-12-23 00:00:00+05:30,72.25,74.9,71.45,74.55,986383
2020-12-24 00:00:00+05:30,75.2,75.95,72.35,73.25,974718
2020-12-28 00:00:00+05:30,73.9,80.5,73.9,78.1,4345499
2020-12-29 00:00:00+05:30,78.95,79.7,75.6,76.3,1370304
2020-12-30 00:00:00+05:30,76.8,76.9,75.2,75.85,774650
2020-12-31 00:00:00+05:30,75.5,77.3,75.25,75.85,771322
2021-01-01 00:00:00+05:30,76.1,77.3,75.75,76.45,748672
2021-01-04 00:00:00+05:30,77.05,78.95,76.0,78.15,1718941
2021-01-05 00:00:00+05:30,77.05,82.7,76.9,81.25,5888131
2021-01-06 00:00:00+05:30,82.75,84.25,79.2,82.3,3610696
2021-01-07 00:00:00+05:30,83.4,84.5,83.0,83.4,2193155
2021-01-08 00:00:00+05:30,84.2,84.95,82.0,82.35,1579977
2021-01-11 00:00:00+05:30,82.7,82.85,79.5,80.65,1254275
2021-01-12 00:00:00+05:30,80.0,82.75,79.6,81.65,1033097
2021-01-13 00:00:00+05:30,81.8,82.8,78.35,78.9,1339170
2021-01-14 00:00:00+05:30,78.95,79.7,78.1,79.15,655193
2021-01-15 00:00:00+05:30,78.8,79.7,76.8,77.1,1078409
2021-01-18 00:00:00+05:30,77.1,77.15,72.95,74.65,1054038
2021-01-19 00:00:00+05:30,75.0,77.15,75.0,76.0,604827
2021-01-20 00:00:00+05:30,76.35,77.35,75.75,76.1,871099
2021-01-21 00:00:00+05:30,76.55,78.25,76.0,76.55,1134852
2021-01-22 00:00:00+05:30,76.0,77.2,73.25,73.75,701418
2021-01-25 00:00:00+05:30,74.7,75.2,71.9,72.25,570490
2021-01-27 00:00:00+05:30,71.7,72.1,70.6,71.2,556523
2021-01-28 00:00:00+05:30,70.0,72.35,69.85,71.3,499073
2021-01-29 00:00:00+05:30,71.95,72.65,70.5,70.85,464838
2021-02-01 00:00:00+05:30,71.1,73.95,70.3,72.85,826346
2021-02-02 00:00:00+05:30,73.9,74.7,72.65,73.6,623553
2021-02-03 00:00:00+05:30,74.1,77.5,73.7,76.75,1190006
2021-02-04 00:00:00+05:30,77.2,78.8,76.7,77.6,964599
2021-02-05 00:00:00+05:30,78.25,78.9,75.3,75.7,868744
2021-02-08 00:00:00+05:30,75.3,75.3,72.8,73.35,1188751
2021-02-09 00:00:00+05:30,73.95,74.35,72.85,73.15,661776
2021-02-10 00:00:00+05:30,73.5,73.95,71.25,72.25,542760
2021-02-11 00:00:00+05:30,72.35,74.0,71.6,72.1,1026019
2021-02-12 00:00:00+05:30,72.35,73.0,71.8,72.05,511320
2021-02-15 00:00:00+05:30,72.45,72.7,70.5,70.6,780403
2021-02-16 00:00:00+05:30,70.8,72.7,70.6,71.25,1872325
2021-02-17 00:00:00+05:30,71.6,71.65,70.3,70.55,1042385
2021-02-18 00:00:00+05:30,71.1,75.0,70.6,73.1,3439175
2021-02-19 00:00:00+05:30,73.5,76.7,73.15,74.6,2627640
2021-02-22 00:00:00+05:30,75.2,75.7,71.1,72.0,1311780
2021-02-23 00:00:00+05:30,72.5,74.75,71.6,73.2,2164806
2021-02-24 00:00:00+05:30,73.3,74.95,72.05,73.85,1003802
2021-02-25 00:00:00+05:30,74.3,84.4,74.2,82.8,11385574
2021-02-26 00:00:00+05:30,79.8,81.9,78.5,79.6,3664974
2021-03-01 00:00:00+05:30,80.85,81.9,78.8,79.7,2370665
2021-03-02 00:00:00+05:30,80.3,81.5,78.9,79.95,1895156
2021-03-03 00:00:00+05:30,79.3,82.8,79.3,80.0,3709238
2021-03-04 00:00:00+05:30,78.5,84.8,78.45,82.35,4309918
2021-03-05 00:00:00+05:30,82.7,84.4,80.2,81.85,2679411
2021-03-08 00:00:00+05:30,82.55,87.65,82.55,85.15,7843480
2021-03-09 00:00:00+05:30,85.8,86.5,81.2,82.6,2713842
2021-03-10 00:00:00+05:30,83.0,84.3,81.85,83.55,1718557
2021-03-12 00:00:00+05:30,84.4,84.4,80.15,81.2,1585953
2021-03-15 00:00:00+05:30,81.6,81.75,77.65,79.6,1490900
2021-03-16 00:00:00+05:30,79.95,81.2,78.3,78.75,1296411
2021-03-17 00:00:00+05:30,78.65,79.75,75.8,76.25,875720
2021-03-18 00:00:00+05:30,77.2,77.95,73.0,74.15,1271496
2021-03-19 00:00:00+05:30,73.65,75.7,70.6,75.15,1335381
2021-03-22 00:00:00+05:30,75.85,77.0,74.35,75.55,633458
2021-03-23 00:00:00+05:30,75.1,76.25,73.7,74.35,652826
2021-03-24 00:00:00+05:30,74.0,74.85,71.9,72.05,993236
2021-03-25 00:00:00+05:30,72.1,72.65,70.15,71.4,889866
2021-03-26 00:00:00+05:30,71.9,74.5,71.2,71.5,883306
2021-03-30 00:00:00+05:30,72.85,73.1,71.5,71.95,884521
2021-03-31 00:00:00+05:30,72.05,75.8,71.65,74.15,2264823
2021-04-01 00:00:00+05:30,74.7,77.6,74.5,76.65,1269286
2021-04-05 00:00:00+05:30,76.9,77.9,73.0,74.7,1154814
2021-04-06 00:00:00+05:30,75.2,76.0,73.5,73.9,734265
2021-04-07 00:00:00+05:30,74.95,75.85,74.0,75.35,980767
2021-04-08 00:00:00+05:30,75.6,81.0,75.55,78.1,4175703
2021-04-09 00:00:00+05:30,78.3,79.7,77.6,78.4,1533031
2021-04-12 00:00:00+05:30,76.6,76.6,70.6,71.45,1309099
2021-04-13 00:00:00+05:30,72.2,74.35,71.45,73.95,709370
2021-04-15 00:00:00+05:30,73.55,75.1,72.05,74.45,871474
2021-04-16 00:00:00+05:30,74.45,76.6,74.15,75.8,851842
2021-04-19 00:00:00+05:30,74.9,74.9,72.0,72.7,910144
2021-04-20 00:00:00+05:30,73.4,74.7,72.0,72.7,764610
2021-04-22 00:00:00+05:30,72.0,74.65,71.65,73.55,992808
2021-04-23 00:00:00+05:30,73.5,74.55,72.1,72.55,943515
2021-04-26 00:00:00+05:30,73.0,74.7,73.0,73.6,853673
2021-04-27 00:00:00+05:30,73.95,77.2,73.65,75.6,1709940
2021-04-28 00:00:00+05:30,75.95,76.7,75.05,75.5,664609
2021-04-29 00:00:00+05:30,76.0,83.8,76.0,81.3,10921965
2021-04-30 00:00:00+05:30,80.95,87.65,80.2,85.55,9807199
2021-05-03 00:00:00+05:30,84.9,94.4,84.5,92.7,16596656
2021-05-04 00:00:00+05:30,93.6,97.0,86.75,87.65,9504199
2021-05-05 00:00:00+05:30,88.6,90.4,87.15,88.95,3138147
2021-05-06 00:00:00+05:30,89.55,89.95,85.3,86.05,3342620
2021-05-07 00:00:00+05:30,86.65,94.95,86.65,92.4,8576239
2021-05-10 00:00:00+05:30,93.8,97.0,93.1,95.25,7083373
2021-05-11 00:00:00+05:30,93.0,95.45,91.2,92.6,3953336
2021-05-12 00:00:00+05:30,93.0,94.5,88.0,88.95,2970125
2021-05-14 00:00:00+05:30,89.9,91.3,85.2,86.25,2544527
2021-05-17 00:00:00+05:30,86.9,89.5,85.55,88.6,2166324
2021-05-18 00:00:00+05:30,89.25,90.7,87.2,87.7,2397967
2021-05-19 00:00:00+05:30,87.7,88.5,87.0,87.4,1764948
2021-05-20 00:00:00+05:30,87.9,87.9,85.6,86.0,1554700
2021-05-21 00:00:00+05:30,86.95,89.7,86.5,89.15,2195979
2021-05-24 00:00:00+05:30,90.5,92.7,90.0,90.8,4307797
2021-05-25 00:00:00+05:30,91.55,95.6,91.15,94.55,6513266
2021-05-26 00:00:00+05:30,97.0,98.6,95.1,95.85,6943213
2021-05-27 00:00:00+05:30,97.0,97.5,93.15,94.45,2680881
2021-05-28 00:00:00+05:30,97.8,103.0,95.15,99.4,13071401
2021-05-31 00:00:00+05:30,102.0,110.7,100.5,107.85,22749871
2021-06-01 00:00:00+05:30,111.8,113.5,105.4,108.1,10956101
2021-06-02 00:00:00+05:30,109.1,113.65,106.7,112.65,9170220
2021-06-03 00:00:00+05:30,113.5,115.3,111.75,114.4,6590307
2021-06-04 00:00:00+05:30,114.95,115.15,110.7,111.8,3726029
2021-06-07 00:00:00+05:30,112.8,112.85,108.0,109.45,3553144
2021-06-08 00:00:00+05:30,110.0,117.35,108.25,113.7,6521310
2021-06-09 00:00:00+05:30,114.5,117.5,110.6,113.6,5095906
2021-06-10 00:00:00+05:30,114.2,118.2,112.6,117.4,5221466
2021-06-11 00:00:00+05:30,117.95,119.5,113.3,114.5,3273422
2021-06-14 00:00:00+05:30,114.3,114.75,109.45,111.75,4447581
2021-06-15 00:00:00+05:30,112.45,115.45,111.25,112.25,3106082
2021-06-16 00:00:00+05:30,111.5,112.45,105.25,106.25,4376619
2021-06-17 00:00:00+05:30,105.25,110.1,105.0,105.9,3306917
2021-06-18 00:00:00+05:30,106.7,107.75,101.4,102.3,3269516
2021-06-21 00:00:00+05:30,101.0,108.65,99.55,107.9,3959497
2021-06-22 00:00:00+05:30,108.65,109.75,105.75,106.45,2555775
2021-06-23 00:00:00+05:30,107.3,108.85,105.55,106.2,1808020
2021-06-24 00:00:00+05:30,106.0,107.5,105.0,105.4,2123183
2021-06-25 00:00:00+05:30,105.9,109.8,105.65,107.0,1943188
2021-06-28 00:00:00+05:30,107.85,114.8,107.3,113.2,6859772
2021-06-29 00:00:00+05:30,113.75,117.2,112.0,115.9,6455071
2021-06-30 00:00:00+05:30,116.45,119.7,115.55,117.0,6346738
2021-07-01 00:00:00+05:30,117.6,124.65,117.3,123.45,12899894
2021-07-02 00:00:00+05:30,124.5,126.4,120.05,122.35,7226657
2021-07-05 00:00:00+05:30,123.0,123.55,118.7,119.55,2911152
2021-07-06 00:00:00+05:30,119.5,121.8,116.5,120.45,3267070
2021-07-07 00:00:00+05:30,122.25,124.5,121.0,122.5,5336530
2021-07-08 00:00:00+05:30,121.0,122.55,116.7,118.15,2839343
2021-07-09 00:00:00+05:30,118.0,126.7,117.6,125.25,5247991
2021-07-12 00:00:00+05:30,126.4,128.65,123.1,125.1,5700292
2021-07-13 00:00:00+05:30,126.0,126.8,124.2,126.0,2052570
2021-07-14 00:00:00+05:30,126.55,131.0,125.8,128.15,4192971
2021-07-15 00:00:00+05:30,128.65,128.8,125.6,127.25,1926501
2021-07-16 00:00:00+05:30,127.9,131.9,126.5,129.05,3052095
2021-07-19 00:00:00+05:30,127.4,128.6,124.35,125.25,1924576
2021-07-20 00:00:00+05:30,126.25,126.25,119.15,120.15,1674000
2021-07-22 00:00:00+05:30,121.45,134.7,120.6,129.8,10609735
2021-07-23 00:00:00+05:30,130.8,131.3,127.55,129.35,2937816
2021-07-26 00:00:00+05:30,129.65,134.95,129.35,131.85,3291939
2021-07-27 00:00:00+05:30,132.7,145.25,132.3,142.2,17800937
2021-07-28 00:00:00+05:30,143.6,143.6,136.25,141.1,4671899
2021-07-29 00:00:00+05:30,142.2,147.6,140.5,142.4,6612787
2021-07-30 00:00:00+05:30,142.05,144.4,138.3,139.1,3476547
2021-08-02 00:00:00+05:30,138.2,144.8,136.15,138.65,4147952
2021-08-03 00:00:00+05:30,139.3,140.45,134.9,135.4,2482235
2021-08-04 00:00:00+05:30,136.6,140.8,134.75,138.15,3805849
2021-08-05 00:00:00+05:30,138.15,138.7,133.65,135.8,2352773
2021-08-06 00:00:00+05:30,136.0,140.7,135.6,137.7,2807776
2021-08-09 00:00:00+05:30,138.5,138.7,129.1,130.95,2194311
2021-08-10 00:00:00+05:30,131.1,132.4,116.5,120.15,4775672
2021-08-11 00:00:00+05:30,121.3,130.85,119.4,129.4,6070923
2021-08-12 00:00:00+05:30,130.4,131.75,128.2,129.8,2256765
2021-08-13 00:00:00+05:30,130.0,131.35,127.55,129.25,2099684
2021-08-16 00:00:00+05:30,129.0,129.85,125.05,126.1,1977546
2021-08-17 00:00:00+05:30,126.0,127.4,122.2,123.7,1383809
2021-08-18 00:00:00+05:30,124.1,127.5,119.5,120.95,2368977
2021-08-20 00:00:00+05:30,118.45,126.8,115.7,121.65,3906565
2021-08-23 00:00:00+05:30,122.95,124.7,116.6,121.75,3000559
2021-08-24 00:00:00+05:30,122.35,127.75,121.4,124.3,2453675
2021-08-25 00:00:00+05:30,125.3,125.5,118.6,119.45,1982206
2021-08-26 00:00:00+05:30,120.0,120.85,116.6,118.05,1394778
2021-08-27 00:00:00+05:30,118.65,121.2,118.35,119.95,1161675
2021-08-30 00:00:00+05:30,121.0,122.25,118.3,119.0,1285637
2021-08-31 00:00:00+05:30,119.8,121.8,117.2,117.85,1291677
2021-09-01 00:00:00+05:30,118.5,119.8,116.9,118.25,1157678
2021-09-02 00:00:00+05:30,118.2,121.35,118.2,119.5,1080554
2021-09-03 00:00:00+05:30,119.8,124.6,119.2,122.4,2464183
2021-09-06 00:00:00+05:30,123.05,123.65,120.65,121.15,1135934
2021-09-07 00:00:00+05:30,121.15,122.0,119.25,120.2,877954
2021-09-08 00:00:00+05:30,120.2,120.65,117.7,118.25,1176652
2021-09-09 00:00:00+05:30,118.75,121.8,118.0,119.4,1313706
2021-09-13 00:00:00+05:30,119.4,122.5,118.55,120.05,2001795
2021-09-14 00:00:00+05:30,120.7,122.35,120.15,121.5,1210623
2021-09-15 00:00:00+05:30,121.5,124.7,121.2,123.1,1821653
2021-09-16 00:00:00+05:30,123.6,124.45,121.1,121.7,1095343
2021-09-17 00:00:00+05:30,122.35,124.0,117.5,123.0,1905592
2021-09-20 00:00:00+05:30,120.45,121.5,114.15,115.05,1697425
2021-09-21 00:00:00+05:30,115.5,116.75,111.0,113.9,1472377
2021-09-22 00:00:00+05:30,114.8,118.8,113.7,116.75,1894250
2021-09-23 00:00:00+05:30,117.9,118.5,116.15,116.9,810896
2021-09-24 00:00:00+05:30,117.55,117.55,113.25,114.05,923872
2021-09-27 00:00:00+05:30,114.6,114.7,111.55,112.5,1394370
2021-09-28 00:00:00+05:30,112.9,113.45,111.0,111.8,936612
2021-09-29 00:00:00+05:30,111.35,115.3,110.45,113.05,1314208
2021-09-30 00:00:00+05:30,113.45,115.25,113.1,114.05,997930
2021-10-01 00:00:00+05:30,113.3,114.85,112.2,113.55,944171
2021-10-04 00:00:00+05:30,114.15,121.45,114.0,120.45,3080339
2021-10-05 00:00:00+05:30,121.0,121.3,117.25,117.8,1886555
2021-10-06 00:00:00+05:30,118.45,121.5,115.4,116.2,1884005
2021-10-07 00:00:00+05:30,117.1,118.8,115.5,116.65,844511
2021-10-08 00:00:00+05:30,117.4,118.6,115.4,115.65,866689
2021-10-11 00:00:00+05:30,116.4,119.3,115.8,116.2,1324507
2021-10-12 00:00:00+05:30,116.75,117.0,115.2,115.95,846810
2021-10-13 00:00:00+05:30,116.6,118.9,116.25,117.4,1581913
2021-10-14 00:00:00+05:30,118.1,124.65,117.1,121.85,5572126
2021-10-18 00:00:00+05:30,122.95,128.0,122.75,124.8,3369652
2021-10-19 00:00:00+05:30,125.7,125.75,117.15,118.5,1746486
2021-10-20 00:00:00+05:30,119.05,120.05,115.4,117.1,1158468
2021-10-21 00:00:00+05:30,117.6,118.2,113.1,114.2,1130424
2021-10-22 00:00:00+05:30,115.0,116.65,112.15,113.4,890201
2021-10-25 00:00:00+05:30,114.15,114.15,109.25,110.55,956623
2021-10-26 00:00:00+05:30,111.0,120.9,110.95,119.35,3194339
2021-10-27 00:00:00+05:30,118.15,119.8,115.55,117.55,1530607
2021-10-28 00:00:00+05:30,116.4,117.1,113.3,114.0,999952
2021-10-29 00:00:00+05:30,113.4,118.95,111.7,116.0,1775962
2021-11-01 00:00:00+05:30,115.5,116.7,113.5,114.15,936481
2021-11-02 00:00:00+05:30,114.8,115.65,113.0,113.45,646178
2021-11-03 00:00:00+05:30,114.0,114.45,112.05,112.3,727019
2021-11-04 00:00:00+05:30,112.65,113.8,112.6,113.35,169159
2021-11-08 00:00:00+05:30,114.0,114.1,112.0,112.4,850464
2021-11-09 00:00:00+05:30,112.7,113.7,112.3,112.55,735712
2021-11-10 00:00:00+05:30,112.0,113.45,111.1,111.4,964505
2021-11-11 00:00:00+05:30,111.8,112.3,109.7,110.3,780723
2021-11-12 00:00:00+05:30,111.0,111.2,108.8,109.3,765827
2021-11-15 00:00:00+05:30,109.9,109.95,105.65,106.1,769250
2021-11-16 00:00:00+05:30,106.3,109.6,105.65,107.15,1140780
2021-11-17 00:00:00+05:30,107.2,108.65,106.6,106.9,528772
2021-11-18 00:00:00+05:30,107.4,107.85,104.0,104.5,580171
2021-11-22 00:00:00+05:30,105.1,105.15,99.1,99.65,811157
2021-11-23 00:00:00+05:30,98.5,102.8,97.6,101.5,907287
2021-11-24 00:00:00+05:30,102.0,109.1,101.2,107.05,2077218
2021-11-25 00:00:00+05:30,106.75,107.9,105.5,105.8,747631
2021-11-26 00:00:00+05:30,105.4,105.4,100.3,101.1,816073
2021-11-29 00:00:00+05:30,101.3,101.7,96.35,97.85,898659
2021-11-30 00:00:00+05:30,97.55,103.4,97.55,101.1,1248264
2021-12-01 00:00:00+05:30,101.6,102.85,101.05,101.9,473574
2021-12-02 00:00:00+05:30,101.85,103.0,101.0,102.2,472382
2021-12-03 00:00:00+05:30,102.0,105.8,102.0,103.9,853271
2021-12-06 00:00:00+05:30,104.0,107.7,104.0,106.4,1089655
2021-12-07 00:00:00+05:30,107.8,108.3,105.0,105.3,703893
2021-12-08 00:00:00+05:30,106.3,107.5,105.25,105.6,622280
2021-12-09 00:00:00+05:30,106.15,110.5,105.8,106.6,2680604
2021-12-10 00:00:00+05:30,106.65,109.4,105.2,105.55,1200044
2021-12-13 00:00:00+05:30,106.6,108.0,103.7,103.95,1101289
2021-12-14 00:00:00+05:30,103.5,104.6,101.4,101.95,1226259
2021-12-15 00:00:00+05:30,102.3,103.5,100.5,101.35,1272371
2021-12-16 00:00:00+05:30,102.3,102.65,99.0,100.05,1085102
2021-12-17 00:00:00+05:30,100.1,100.3,96.6,97.5,881330
2021-12-20 00:00:00+05:30,96.9,96.9,93.5,94.5,987430
2021-12-21 00:00:00+05:30,95.25,97.8,95.25,96.0,825997
2021-12-22 00:00:00+05:30,96.5,100.6,96.5,100.0,1533348
2021-12-23 00:00:00+05:30,100.7,104.45,100.2,103.8,3261427
2021-12-24 00:00:00+05:30,104.35,104.35,101.1,101.75,807340
2021-12-27 00:00:00+05:30,101.6,101.6,99.4,100.25,439322
2021-12-28 00:00:00+05:30,100.55,102.5,100.2,100.7,736800
2021-12-29 00:00:00+05:30,101.35,101.8,99.3,99.7,551269
2021-12-30 00:00:00+05:30,99.7,100.5,97.6,98.15,709933
2021-12-31 00:00:00+05:30,98.95,100.2,98.35,98.85,719168
2022-01-03 00:00:00+05:30,99.3,103.9,99.1,103.25,1360632
2022-01-04 00:00:00+05:30,103.5,104.7,101.7,102.55,835822
2022-01-05 00:00:00+05:30,102.5,104.9,101.5,103.15,1083007
2022-01-06 00:00:00+05:30,102.05,103.0,101.5,102.4,769781
2022-01-07 00:00:00+05:30,103.0,107.1,102.95,105.5,2048403
2022-01-10 00:00:00+05:30,106.0,106.3,103.6,103.85,1042841
2022-01-11 00:00:00+05:30,104.1,104.4,102.0,102.25,1212796
2022-01-12 00:00:00+05:30,103.0,103.9,102.1,102.5,831293
2022-01-13 00:00:00+05:30,102.95,106.4,102.75,104.3,1528331
2022-01-14 00:00:00+05:30,103.35,105.25,103.0,104.05,942543
2022-01-17 00:00:00+05:30,104.65,114.4,104.15,112.4,8847484
2022-01-18 00:00:00+05:30,113.45,119.4,113.0,113.7,9493806
2022-01-19 00:00:00+05:30,114.35,115.35,109.7,112.15,2950418
2022-01-20 00:00:00+05:30,112.8,114.5,111.15,112.2,2287011
2022-01-21 00:00:00+05:30,111.5,111.9,106.4,108.1,1877785
2022-01-24 00:00:00+05:30,107.5,108.25,99.2,101.5,2124013
2022-01-25 00:00:00+05:30,99.9,106.0,98.05,105.75,1311354
2022-01-27 00:00:00+05:30,102.85,105.1,101.85,104.5,1041242
2022-01-28 00:00:00+05:30,106.3,108.7,104.7,105.2,1502816
2022-01-31 00:00:00+05:30,106.95,108.75,99.6,100.45,2817953
2022-02-01 00:00:00+05:30,101.0,102.0,98.85,101.1,2081369
2022-02-02 00:00:00+05:30,102.4,103.55,101.6,102.25,1368127
2022-02-03 00:00:00+05:30,102.8,108.4,102.75,105.05,3285317
2022-02-04 00:00:00+05:30,105.7,108.0,103.85,104.45,1802768
2022-02-07 00:00:00+05:30,105.05,106.0,103.2,104.3,1168641
2022-02-08 00:00:00+05:30,104.95,105.6,100.5,101.95,1065569
2022-02-09 00:00:00+05:30,102.7,103.55,100.7,102.15,1132943
2022-02-10 00:00:00+05:30,102.05,103.4,101.3,101.85,1021564
2022-02-11 00:00:00+05:30,101.8,102.45,99.2,100.0,1053905
2022-02-14 00:00:00+05:30,98.1,98.4,95.0,95.45,1106005
2022-02-15 00:00:00+05:30,97.0,97.6,92.1,95.6,1433777
2022-02-16 00:00:00+05:30,97.0,98.0,95.3,95.65,1165442
2022-02-17 00:00:00+05:30,96.1,96.95,94.1,94.6,798726
2022-02-18 00:00:00+05:30,94.4,95.3,92.6,93.05,522053
2022-02-21 00:00:00+05:30,92.05,92.85,88.15,88.95,857493
2022-02-22 00:00:00+05:30,86.6,87.4,84.3,85.05,1255962
2022-02-23 00:00:00+05:30,86.85,88.85,86.65,88.35,984491
2022-02-24 00:00:00+05:30,85.0,85.95,80.0,80.6,1432128
2022-02-25 00:00:00+05:30,83.0,86.0,83.0,85.5,1129796
2022-02-28 00:00:00+05:30,84.1,87.5,83.55,86.85,890536
2022-03-02 00:00:00+05:30,85.55,90.4,85.55,89.4,1212947
2022-03-03 00:00:00+05:30,90.95,92.45,89.65,90.35,842191
2022-03-04 00:00:00+05:30,89.75,90.8,86.3,87.8,544874
2022-03-07 00:00:00+05:30,87.25,87.25,84.1,84.8,666252
2022-03-08 00:00:00+05:30,86.4,87.3,84.1,86.15,592665
2022-03-09 00:00:00+05:30,86.75,89.45,86.7,89.05,632992
2022-03-10 00:00:00+05:30,91.55,91.9,86.7,87.2,1479691
2022-03-11 00:00:00+05:30,87.4,90.75,87.4,89.65,1013366
2022-03-14 00:00:00+05:30,90.0,91.6,87.6,89.1,827229
2022-03-15 00:00:00+05:30,89.75,90.55,87.1,87.45,746664
2022-03-16 00:00:00+05:30,88.45,89.05,87.5,88.05,551497
2022-03-17 00:00:00+05:30,91.3,96.7,91.05,93.05,7932449
2022-03-21 00:00:00+05:30,93.7,95.6,92.1,93.3,1695515
2022-03-22 00:00:00+05:30,93.65,94.25,91.85,92.45,773344
2022-03-23 00:00:00+05:30,93.0,98.65,91.4,93.95,3840221
2022-03-24 00:00:00+05:30,93.6,95.4,93.15,94.45,1336319
2022-03-25 00:00:00+05:30,94.95,96.2,93.45,93.85,1579961
2022-03-28 00:00:00+05:30,93.1,94.15,89.1,89.6,1588455
2022-03-29 00:00:00+05:30,90.4,91.35,88.05,88.75,1999386
2022-03-30 00:00:00+05:30,89.3,90.65,87.9,88.25,873271
2022-03-31 00:00:00+05:30,88.3,91.75,88.2,90.1,1458762
2022-04-01 00:00:00+05:30,90.4,93.5,90.1,93.25,1241579
2022-04-04 00:00:00+05:30,93.75,95.4,93.5,94.35,1009601
2022-04-05 00:00:00+05:30,94.5,96.5,94.5,95.65,1188231
2022-04-06 00:00:00+05:30,94.75,98.9,94.7,97.7,2018721
2022-04-07 00:00:00+05:30,98.3,99.5,95.25,95.8,1712348
2022-04-08 00:00:00+05:30,96.35,97.3,95.9,96.75,799967
2022-04-11 00:00:00+05:30,97.3,98.2,96.5,96.8,660891
2022-04-12 00:00:00+05:30,97.0,97.0,93.55,94.1,955324
2022-04-13 00:00:00+05:30,94.7,96.5,94.7,95.55,689010
2022-04-18 00:00:00+05:30,95.55,96.5,94.1,96.1,801828
2022-04-19 00:00:00+05:30,96.7,101.5,96.0,97.2,3165291
2022-04-20 00:00:00+05:30,99.0,101.1,96.65,97.85,1621452
2022-04-21 00:00:00+05:30,99.4,99.7,97.05,97.85,837646
2022-04-22 00:00:00+05:30,97.0,100.6,96.85,97.75,1112803
2022-04-25 00:00:00+05:30,97.45,97.45,93.2,93.6,949641
2022-04-26 00:00:00+05:30,94.5,95.4,92.85,93.4,488877
2022-04-27 00:00:00+05:30,93.0,93.85,90.55,92.05,764992
2022-04-28 00:00:00+05:30,92.8,93.55,91.7,92.45,513152
2022-04-29 00:00:00+05:30,93.4,94.0,91.9,92.35,628572
2022-05-02 00:00:00+05:30,92.0,92.95,90.2,92.4,601341
2022-05-04 00:00:00+05:30,92.6,93.75,88.7,90.1,888439
2022-05-05 00:00:00+05:30,90.85,91.3,88.85,89.95,584982
2022-05-06 00:00:00+05:30,88.8,92.0,86.4,90.65,1168701
2022-05-09 00:00:00+05:30,89.25,89.95,86.3,87.1,996581
2022-05-10 00:00:00+05:30,87.7,88.65,84.2,84.8,631557
2022-05-11 00:00:00+05:30,85.45,85.9,80.1,81.85,894144
2022-05-12 00:00:00+05:30,81.9,81.9,77.6,79.3,880082
2022-05-13 00:00:00+05:30,81.0,82.25,79.4,80.0,753497
2022-05-16 00:00:00+05:30,81.3,81.9,78.7,81.45,384044
2022-05-17 00:00:00+05:30,81.5,87.75,81.5,87.15,792843
2022-05-18 00:00:00+05:30,87.15,87.5,85.5,86.15,497352
2022-05-19 00:00:00+05:30,84.05,84.5,82.6,83.1,398969
2022-05-20 00:00:00+05:30,84.4,95.9,84.4,92.75,4652947
2022-05-23 00:00:00+05:30,92.4,92.4,86.4,87.45,1785291
2022-05-24 00:00:00+05:30,88.1,88.8,85.7,86.2,615750
2022-05-25 00:00:00+05:30,86.95,87.25,83.0,84.7,739819
2022-05-26 00:00:00+05:30,84.8,86.15,82.25,85.65,724887
2022-05-27 00:00:00+05:30,86.25,86.75,83.6,84.05,449514
2022-05-30 00:00:00+05:30,85.0,87.1,84.15,85.6,322182
2022-05-31 00:00:00+05:30,86.9,88.5,86.05,86.85,724949
2022-06-01 00:00:00+05:30,86.15,91.0,86.15,89.25,922568
2022-06-02 00:00:00+05:30,88.1,89.6,87.6,87.95,539285
2022-06-03 00:00:00+05:30,89.0,90.55,87.55,88.3,724106
2022-06-06 00:00:00+05:30,88.0,89.15,86.6,88.55,429812
2022-06-07 00:00:00+05:30,88.3,88.75,85.9,86.5,413758
2022-06-08 00:00:00+05:30,87.2,87.2,85.2,85.6,392967
2022-06-09 00:00:00+05:30,85.3,86.15,84.4,84.85,305611
2022-06-10 00:00:00+05:30,84.0,88.4,83.8,87.3,1321835
2022-06-13 00:00:00+05:30,86.0,86.0,82.3,82.7,420739
2022-06-14 00:00:00+05:30,82.5,84.45,81.75,82.1,427067
2022-06-15 00:00:00+05:30,82.1,82.8,81.4,82.0,438293
2022-06-16 00:00:00+05:30,83.0,83.4,77.65,78.9,656567
2022-06-17 00:00:00+05:30,78.75,81.9,77.5,81.0,808702
2022-06-20 00:00:00+05:30,80.55,80.95,75.05,76.7,564428
2022-06-21 00:00:00+05:30,77.5,79.5,77.15,79.25,430072
2022-06-22 00:00:00+05:30,79.0,79.0,76.0,76.25,454659
2022-06-23 00:00:00+05:30,77.0,77.5,75.25,77.25,487321
2022-06-24 00:00:00+05:30,77.95,78.4,76.55,77.55,537174
2022-06-27 00:00:00+05:30,78.85,80.2,78.5,79.6,420194
2022-06-28 00:00:00+05:30,79.8,80.5,78.2,79.8,690191
2022-06-29 00:00:00+05:30,78.7,80.8,78.4,79.9,486716
2022-06-30 00:00:00+05:30,80.25,81.0,78.6,78.8,204116
2022-07-01 00:00:00+05:30,78.7,78.75,76.85,78.2,285307
2022-07-04 00:00:00+05:30,78.2,79.4,78.05,78.95,168108
2022-07-05 00:00:00+05:30,79.4,80.3,77.4,78.0,370058
2022-07-06 00:00:00+05:30,79.0,79.0,77.15,78.1,301597
2022-07-07 00:00:00+05:30,79.0,80.8,78.2,80.25,641395
2022-07-08 00:00:00+05:30,81.15,81.15,79.25,79.65,311261
2022-07-11 00:00:00+05:30,79.65,81.9,79.05,81.4,435165
2022-07-12 00:00:00+05:30,81.0,81.3,80.0,80.35,331735
2022-07-13 00:00:00+05:30,80.25,82.0,80.25,80.55,370719
2022-07-14 00:00:00+05:30,80.4,80.95,79.2,79.5,272831
2022-07-15 00:00:00+05:30,80.0,80.15,78.3,79.05,305811
2022-07-18 00:00:00+05:30,79.5,80.75,79.05,80.3,423553
2022-07-19 00:00:00+05:30,80.3,81.55,80.1,80.65,400637
2022-07-20 00:00:00+05:30,81.5,82.65,81.0,81.25,622450
2022-07-21 00:00:00+05:30,81.15,83.7,80.9,82.0,737433
2022-07-22 00:00:00+05:30,82.8,85.0,82.35,83.85,784926
2022-07-25 00:00:00+05:30,83.2,84.9,81.95,82.4,605579
2022-07-26 00:00:00+05:30,83.0,84.7,82.2,83.15,1074653
2022-07-27 00:00:00+05:30,82.6,83.7,82.45,83.1,354612
2022-07-28 00:00:00+05:30,83.75,84.55,83.2,84.0,441953
2022-07-29 00:00:00+05:30,84.2,87.0,84.2,85.9,1071370
2022-08-01 00:00:00+05:30,86.5,87.65,86.05,87.0,666479
2022-08-02 00:00:00+05:30,86.9,91.15,86.15,90.25,1280798
2022-08-03 00:00:00+05:30,91.65,91.65,88.5,89.15,617668
2022-08-04 00:00:00+05:30,90.0,91.9,87.55,91.0,1131492
2022-08-05 00:00:00+05:30,91.0,92.8,84.8,86.55,2430737
2022-08-08 00:00:00+05:30,85.7,85.7,82.65,83.65,1082300
2022-08-10 00:00:00+05:30,84.3,84.4,82.1,82.3,470965
2022-08-11 00:00:00+05:30,83.5,83.7,81.8,82.55,609117
2022-08-12 00:00:00+05:30,82.55,84.0,82.5,83.55,434466
2022-08-16 00:00:00+05:30,84.0,85.75,82.85,84.9,442041
2022-08-17 00:00:00+05:30,85.5,86.35,85.0,85.6,370786
2022-08-18 00:00:00+05:30,85.8,87.75,85.25,85.85,834297
2022-08-19 00:00:00+05:30,86.0,86.65,83.65,84.0,515336
2022-08-22 00:00:00+05:30,84.9,84.9,82.15,82.35,302227
2022-08-23 00:00:00+05:30,82.35,83.8,81.1,83.3,430726
2022-08-24 00:00:00+05:30,83.6,86.4,83.45,85.9,610793
2022-08-25 00:00:00+05:30,87.0,87.45,85.1,85.55,547441
2022-08-26 00:00:00+05:30,86.35,87.9,85.9,86.45,547577
2022-08-29 00:00:00+05:30,85.2,85.85,84.1,85.5,430035
2022-08-30 00:00:00+05:30,86.65,87.55,85.8,86.95,478612
2022-09-01 00:00:00+05:30,86.45,88.6,86.15,87.1,639027
2022-09-02 00:00:00+05:30,88.0,88.45,85.5,86.0,366836
2022-09-05 00:00:00+05:30,86.5,88.75,86.1,87.75,623234
2022-09-06 00:00:00+05:30,88.5,89.7,87.55,89.3,817039
2022-09-07 00:00:00+05:30,88.6,91.25,88.45,90.9,932164
2022-09-08 00:00:00+05:30,91.7,91.8,88.6,89.15,717102
2022-09-09 00:00:00+05:30,89.55,90.65,88.6,89.0,390954
2022-09-12 00:00:00+05:30,89.45,91.0,89.45,90.0,534794
2022-09-13 00:00:00+05:30,90.3,91.35,88.55,88.95,759999
2022-09-14 00:00:00+05:30,88.35,90.7,81.55,89.15,843252
2022-09-15 00:00:00+05:30,89.6,90.3,88.1,88.4,418215
2022-09-16 00:00:00+05:30,88.4,90.6,87.15,89.95,1451250
2022-09-19 00:00:00+05:30,89.7,89.95,85.8,86.4,606461
2022-09-20 00:00:00+05:30,87.8,87.8,85.6,85.85,735012
2022-09-21 00:00:00+05:30,86.5,86.65,84.5,84.75,408928
2022-09-22 00:00:00+05:30,84.9,88.75,84.5,88.15,907928
2022-09-23 00:00:00+05:30,88.1,90.65,87.55,88.95,1211911
2022-09-26 00:00:00+05:30,88.8,90.0,83.6,84.4,1176099
2022-09-27 00:00:00+05:30,85.05,86.4,80.5,81.5,1368149
2022-09-28 00:00:00+05:30,81.2,81.6,80.05,80.3,517188
2022-09-29 00:00:00+05:30,81.2,83.2,79.85,81.95,904123
2022-09-30 00:00:00+05:30,82.4,83.6,81.25,82.5,617131
2022-10-03 00:00:00+05:30,82.25,82.85,80.95,81.45,481019
2022-10-04 00:00:00+05:30,82.45,83.0,82.05,82.35,262964
2022-10-06 00:00:00+05:30,82.8,84.0,82.6,82.85,445898
2022-10-07 00:00:00+05:30,83.4,83.9,83.1,83.7,372214
2022-10-10 00:00:00+05:30,83.4,83.7,82.4,83.45,277621
2022-10-11 00:00:00+05:30,83.4,87.3,83.0,84.3,957268
2022-10-12 00:00:00+05:30,84.75,85.0,82.6,83.3,422016
2022-10-13 00:00:00+05:30,83.55,83.75,82.3,82.6,228169
2022-10-14 00:00:00+05:30,83.25,83.7,82.0,82.35,214114
2022-10-17 00:00:00+05:30,82.15,82.75,81.2,82.35,211789
2022-10-18 00:00:00+05:30,83.35,83.5,81.25,81.6,484593
2022-10-19 00:00:00+05:30,82.05,82.35,80.2,80.7,662552
2022-10-20 00:00:00+05:30,80.9,80.9,79.0,79.3,541455
2022-10-21 00:00:00+05:30,79.55,80.15,79.0,79.15,247111
2022-10-24 00:00:00+05:30,80.0,80.8,79.75,80.15,95361
2022-10-25 00:00:00+05:30,80.3,80.3,79.0,79.4,341167
2022-10-27 00:00:00+05:30,79.95,80.3,78.5,79.15,440117
2022-10-28 00:00:00+05:30,79.1,79.45,77.6,78.4,408915
2022-10-31 00:00:00+05:30,78.8,78.8,77.45,77.8,483515
2022-11-01 00:00:00+05:30,78.2,80.2,78.0,79.0,531069
2022-11-02 00:00:00+05:30,79.45,80.25,79.3,79.7,233068
2022-11-03 00:00:00+05:30,79.9,80.35,79.45,79.65,246681
2022-11-04 00:00:00+05:30,79.7,81.5,79.5,81.1,517148
2022-11-07 00:00:00+05:30,81.6,83.75,81.6,82.85,949084
2022-11-09 00:00:00+05:30,83.4,84.25,82.7,83.5,598809
2022-11-10 00:00:00+05:30,83.05,83.95,81.1,81.9,321597
2022-11-11 00:00:00+05:30,82.6,83.9,82.0,83.25,443034
2022-11-14 00:00:00+05:30,83.05,86.9,82.55,85.45,1277732
2022-11-15 00:00:00+05:30,86.25,88.45,86.25,87.75,1073883
2022-11-16 00:00:00+05:30,88.7,89.5,87.35,88.35,1211130
2022-11-17 00:00:00+05:30,88.8,93.0,88.55,90.7,2653940
2022-11-18 00:00:00+05:30,90.9,92.0,89.2,90.45,821871
2022-11-21 00:00:00+05:30,90.9,91.9,88.35,88.85,719903
2022-11-22 00:00:00+05:30,89.3,89.3,87.0,87.2,464784
2022-11-23 00:00:00+05:30,87.65,91.0,87.5,90.2,1091584
2022-11-24 00:00:00+05:30,90.75,94.2,90.4,92.4,1908964
2022-11-25 00:00:00+05:30,92.75,93.95,91.6,92.1,595579
2022-11-28 00:00:00+05:30,92.2,94.05,92.1,92.7,768858
2022-11-29 00:00:00+05:30,92.9,94.75,92.0,92.5,1976050
2022-11-30 00:00:00+05:30,92.75,93.85,92.4,93.5,756311
2022-12-01 00:00:00+05:30,94.3,94.95,90.6,91.4,1174048
2022-12-02 00:00:00+05:30,91.9,94.95,89.55,94.05,1988860
2022-12-05 00:00:00+05:30,94.5,96.6,93.2,94.15,1584412
2022-12-06 00:00:00+05:30,94.15,94.9,93.2,94.3,447802
2022-12-07 00:00:00+05:30,94.05,94.65,91.6,91.95,643591
2022-12-08 00:00:00+05:30,92.2,93.7,90.55,93.1,853459
2022-12-09 00:00:00+05:30,93.3,96.3,90.8,91.25,1803671
2022-12-12 00:00:00+05:30,91.65,95.7,90.6,95.15,1238898
2022-12-13 00:00:00+05:30,96.0,100.5,94.5,99.8,4877977
2022-12-14 00:00:00+05:30,100.9,104.35,99.25,101.95,5003245
2022-12-15 00:00:00+05:30,102.3,106.2,101.2,102.1,3752000
2022-12-16 00:00:00+05:30,102.5,103.15,97.55,98.1,2332010
2022-12-19 00:00:00+05:30,98.4,103.15,97.1,102.5,2082121
2022-12-20 00:00:00+05:30,102.0,106.45,101.5,103.75,4263718
2022-12-21 00:00:00+05:30,104.6,107.4,98.8,99.95,3791881
2022-12-22 00:00:00+05:30,100.8,101.8,95.75,97.6,1931554
2022-12-23 00:00:00+05:30,96.0,96.85,90.25,91.05,1540704
2022-12-26 00:00:00+05:30,91.85,95.2,90.7,94.45,1080455
2022-12-27 00:00:00+05:30,95.1,100.65,95.1,99.85,1816421
2022-12-28 00:00:00+05:30,100.3,101.85,100.05,101.25,1445600
2022-12-29 00:00:00+05:30,100.0,107.8,99.6,104.7,4760542
2022-12-30 00:00:00+05:30,105.5,106.35,102.95,103.55,1578896
2023-01-02 00:00:00+05:30,103.95,110.5,103.75,109.7,5229616
2023-01-03 00:00:00+05:30,110.45,111.7,107.8,110.5,4045368
2023-01-04 00:00:00+05:30,110.5,110.95,105.4,107.35,2613825
2023-01-05 00:00:00+05:30,107.95,114.5,107.0,113.7,7391137
2023-01-06 00:00:00+05:30,113.7,113.7,109.35,110.95,3408000
2023-01-09 00:00:00+05:30,111.7,114.65,111.65,113.1,2610481
2023-01-10 00:00:00+05:30,113.35,113.5,108.8,110.75,1583652
2023-01-11 00:00:00+05:30,111.0,116.75,111.0,115.2,4714263
2023-01-12 00:00:00+05:30,115.25,115.25,111.6,112.4,1707241
2023-01-13 00:00:00+05:30,112.95,114.15,111.7,113.35,1859385
2023-01-16 00:00:00+05:30,113.95,114.15,110.8,111.55,1141810
2023-01-17 00:00:00+05:30,111.6,114.25,109.0,113.45,2092776
2023-01-18 00:00:00+05:30,114.0,118.0,113.7,116.95,3763499
2023-01-19 00:00:00+05:30,116.25,118.2,115.15,116.9,2032273
2023-01-20 00:00:00+05:30,117.5,117.75,115.05,116.75,1899687
2023-01-23 00:00:00+05:30,117.0,117.35,113.8,115.1,1005433
2023-01-24 00:00:00+05:30,115.75,115.85,107.9,111.15,1379186
2023-01-25 00:00:00+05:30,111.45,113.4,108.55,110.15,1620236
2023-01-27 00:00:00+05:30,117.0,121.7,112.15,116.6,11331544
2023-01-30 00:00:00+05:30,117.05,124.4,115.8,123.2,6428952
2023-01-31 00:00:00+05:30,124.0,126.0,120.65,125.15,4465130
2023-02-01 00:00:00+05:30,125.0,131.25,117.8,124.2,6496747
2023-02-02 00:00:00+05:30,124.0,135.0,124.0,133.3,7694864
2023-02-03 00:00:00+05:30,134.3,135.85,127.5,129.95,4107579
2023-02-06 00:00:00+05:30,130.45,138.65,130.35,135.9,4288623
2023-02-07 00:00:00+05:30,136.8,137.7,133.25,134.1,2926207
2023-02-08 00:00:00+05:30,134.25,141.4,133.35,139.5,4764000
2023-02-09 00:00:00+05:30,140.0,141.45,137.9,139.25,1972012
2023-02-10 00:00:00+05:30,139.0,145.4,138.55,142.0,4729938
2023-02-13 00:00:00+05:30,142.45,147.15,141.0,145.5,3242321
2023-02-14 00:00:00+05:30,146.0,147.7,141.2,144.1,2956714
2023-02-15 00:00:00+05:30,144.25,152.4,144.1,151.15,4339022
2023-02-16 00:00:00+05:30,152.45,152.75,146.85,147.6,2578749
2023-02-17 00:00:00+05:30,147.65,150.75,143.45,146.0,2535314
2023-02-20 00:00:00+05:30,147.0,151.0,144.9,149.5,2634069
2023-02-21 00:00:00+05:30,149.95,154.0,148.3,153.4,2891552
2023-02-22 00:00:00+05:30,153.0,154.4,147.05,148.7,2170760
2023-02-23 00:00:00+05:30,149.2,151.8,148.0,149.25,1592981
2023-02-24 00:00:00+05:30,150.4,158.45,148.8,157.55,3949676
2023-02-27 00:00:00+05:30,157.55,158.35,143.0,145.5,3885938
2023-02-28 00:00:00+05:30,146.6,151.2,143.4,150.15,4900128
2023-03-01 00:00:00+05:30,150.15,153.2,147.15,149.55,2124556
2023-03-02 00:00:00+05:30,149.95,151.45,145.25,146.65,1469267
2023-03-03 00:00:00+05:30,147.45,149.5,147.05,147.7,1137351
2023-03-06 00:00:00+05:30,147.95,156.6,147.5,155.5,2587545
2023-03-08 00:00:00+05:30,154.5,164.3,153.55,163.35,4340711
2023-03-09 00:00:00+05:30,163.9,177.75,161.8,174.1,9711637
2023-03-10 00:00:00+05:30,173.65,179.55,170.65,174.65,5732063
2023-03-13 00:00:00+05:30,175.0,176.15,162.15,164.9,3103623
2023-03-14 00:00:00+05:30,165.85,168.4,155.55,158.7,3604059
2023-03-15 00:00:00+05:30,161.0,162.6,155.0,156.3,2993981
2023-03-16 00:00:00+05:30,156.65,158.85,151.2,153.5,2243230
2023-03-17 00:00:00+05:30,155.9,156.6,149.35,154.8,2318960
2023-03-20 00:00:00+05:30,153.5,153.5,146.05,147.15,2027767
2023-03-21 00:00:00+05:30,148.0,148.9,144.15,146.7,2237498
2023-03-22 00:00:00+05:30,146.7,154.45,146.2,152.35,4470203
2023-03-23 00:00:00+05:30,152.3,152.7,146.7,147.25,1555672
2023-03-24 00:00:00+05:30,147.5,147.65,140.7,141.25,1795341
2023-03-27 00:00:00+05:30,141.25,142.45,135.4,141.05,2075633
2023-03-28 00:00:00+05:30,141.75,145.5,138.15,143.85,2355048
2023-03-29 00:00:00+05:30,143.95,149.15,142.2,148.65,2239748
2023-03-31 00:00:00+05:30,149.95,152.1,145.0,145.9,1741769
2023-04-03 00:00:00+05:30,146.9,150.8,146.35,149.0,1872462
2023-04-05 00:00:00+05:30,149.8,161.95,149.05,160.6,5118684
2023-04-06 00:00:00+05:30,161.0,163.4,157.1,160.9,2540772
2023-04-10 00:00:00+05:30,161.85,163.6,160.0,161.75,2113912
2023-04-11 00:00:00+05:30,161.85,164.45,160.6,163.3,2288211
2023-04-12 00:00:00+05:30,163.8,166.7,162.3,163.45,2717611
2023-04-13 00:00:00+05:30,163.6,164.6,162.55,163.4,834024
2023-04-17 00:00:00+05:30,162.6,165.45,154.3,156.3,2187444
2023-04-18 00:00:00+05:30,157.5,158.2,153.1,155.85,1675429
2023-04-19 00:00:00+05:30,156.0,164.8,155.85,164.25,3559447
2023-04-20 00:00:00+05:30,164.25,164.75,158.0,158.35,1336013
2023-04-21 00:00:00+05:30,158.4,160.85,156.0,159.2,926051
2023-04-24 00:00:00+05:30,159.25,162.6,157.8,160.7,893347
2023-04-25 00:00:00+05:30,161.2,163.5,159.0,159.6,688720
2023-04-26 00:00:00+05:30,160.4,164.25,158.05,159.8,978741
2023-04-27 00:00:00+05:30,160.35,166.95,160.15,162.6,1716693
2023-04-28 00:00:00+05:30,163.0,164.8,160.55,163.55,1165476
2023-05-02 00:00:00+05:30,164.65,169.8,164.1,167.7,1899916
2023-05-03 00:00:00+05:30,167.4,167.4,158.0,158.9,1872284
2023-05-04 00:00:00+05:30,159.7,160.7,155.2,157.55,1929304
2023-05-05 00:00:00+05:30,156.55,158.45,155.25,156.0,1084960
2023-05-08 00:00:00+05:30,156.95,161.8,155.5,160.6,1365988
2023-05-09 00:00:00+05:30,161.5,164.7,158.85,161.3,1800196
2023-05-10 00:00:00+05:30,161.7,170.35,159.2,168.85,2822637
2023-05-11 00:00:00+05:30,170.15,176.6,170.0,173.65,3531617
2023-05-12 00:00:00+05:30,173.5,174.65,169.55,170.65,1277114
2023-05-15 00:00:00+05:30,171.35,176.2,170.9,173.5,1572871
2023-05-16 00:00:00+05:30,174.05,177.65,171.55,172.6,1382675
2023-05-17 00:00:00+05:30,173.1,176.5,170.1,174.9,1617324
2023-05-18 00:00:00+05:30,183.0,198.35,183.0,185.75,20584894
2023-05-19 00:00:00+05:30,188.0,192.4,184.4,186.9,4078767
2023-05-22 00:00:00+05:30,187.9,194.5,187.55,190.95,3152408
2023-05-23 00:00:00+05:30,191.85,193.9,187.7,189.45,1692896
2023-05-24 00:00:00+05:30,189.05,204.8,188.95,203.25,5670986
2023-05-25 00:00:00+05:30,203.5,203.85,193.15,195.25,2596472
2023-05-26 00:00:00+05:30,195.25,200.3,192.0,196.7,2671261
2023-05-29 00:00:00+05:30,197.0,197.5,191.0,193.55,1561998
2023-05-30 00:00:00+05:30,194.3,213.8,193.55,210.6,9240676
2023-05-31 00:00:00+05:30,214.0,248.7,212.6,243.2,18334493
2023-06-01 00:00:00+05:30,243.0,253.9,237.0,246.35,14471097
2023-06-02 00:00:00+05:30,245.0,249.5,240.5,247.05,3502267
2023-06-05 00:00:00+05:30,248.3,253.0,235.0,236.95,1850723
2023-06-06 00:00:00+05:30,236.55,239.65,227.0,238.0,2814783
2023-06-07 00:00:00+05:30,239.0,241.8,233.2,234.2,963723
2023-06-08 00:00:00+05:30,235.2,236.5,228.0,230.1,1297687
2023-06-09 00:00:00+05:30,231.0,242.8,229.05,240.9,2387116
2023-06-12 00:00:00+05:30,241.2,244.95,235.45,237.5,1069538
2023-06-13 00:00:00+05:30,237.0,246.0,235.05,244.2,1390291
2023-06-14 00:00:00+05:30,246.0,250.95,245.0,247.65,1388245
2023-06-15 00:00:00+05:30,248.8,248.8,243.05,246.4,680040
2023-06-16 00:00:00+05:30,246.95,249.8,232.0,235.95,1051107
2023-06-19 00:00:00+05:30,235.9,238.45,231.15,235.35,834622
2023-06-20 00:00:00+05:30,238.0,240.65,232.1,238.35,760079
2023-06-21 00:00:00+05:30,239.45,243.2,235.7,240.35,811397
2023-06-22 00:00:00+05:30,240.35,242.0,231.05,232.1,672009
2023-06-23 00:00:00+05:30,233.0,235.9,228.3,230.25,818311
2023-06-26 00:00:00+05:30,231.55,247.0,231.1,245.2,1961587
2023-06-27 00:00:00+05:30,246.6,262.0,246.0,260.85,3242219
2023-06-28 00:00:00+05:30,261.6,264.4,253.05,257.3,1275791
2023-06-30 00:00:00+05:30,257.5,259.0,253.2,255.9,976909
2023-07-03 00:00:00+05:30,257.1,273.0,257.05,269.8,2372374
2023-07-04 00:00:00+05:30,270.65,276.35,266.55,272.65,1408713
2023-07-05 00:00:00+05:30,272.55,281.0,272.55,275.85,1274475
2023-07-06 00:00:00+05:30,274.5,286.45,273.6,285.0,1387658
2023-07-07 00:00:00+05:30,283.2,288.4,262.75,285.95,1647258
2023-07-10 00:00:00+05:30,285.95,303.0,285.3,301.2,1863407
2023-07-11 00:00:00+05:30,302.45,319.3,301.8,314.75,2352389
2023-07-12 00:00:00+05:30,316.3,332.95,312.55,330.75,2241344
2023-07-13 00:00:00+05:30,332.5,336.1,312.0,318.65,1981191
2023-07-14 00:00:00+05:30,319.25,320.2,313.0,316.25,1024822
2023-07-17 00:00:00+05:30,317.45,348.25,316.95,345.75,5619471
2023-07-18 00:00:00+05:30,346.0,348.9,335.95,342.1,1887556
2023-07-19 00:00:00+05:30,342.8,359.75,342.4,357.4,1860987
2023-07-20 00:00:00+05:30,354.9,358.95,350.45,355.15,1370024
2023-07-21 00:00:00+05:30,354.55,383.5,352.15,380.3,2923306
2023-07-24 00:00:00+05:30,380.3,384.5,355.55,359.1,1926367
2023-07-25 00:00:00+05:30,361.75,372.75,358.0,362.15,1279753
2023-07-26 00:00:00+05:30,363.15,371.6,362.0,367.85,866244
2023-07-27 00:00:00+05:30,369.1,374.85,365.7,371.7,900182
2023-07-28 00:00:00+05:30,372.5,372.5,315.0,325.65,3904398
2023-07-31 00:00:00+05:30,325.65,330.0,300.3,324.35,3778516
2023-08-01 00:00:00+05:30,331.4,342.3,325.3,331.0,1593704
2023-08-02 00:00:00+05:30,331.85,333.3,304.0,310.2,1596832
2023-08-03 00:00:00+05:30,311.55,324.8,305.35,321.85,1408545
2023-08-04 00:00:00+05:30,322.0,328.45,317.9,321.75,668270
2023-08-07 00:00:00+05:30,321.95,324.5,315.15,322.65,585366
2023-08-08 00:00:00+05:30,323.4,336.4,322.45,334.0,1218201
2023-08-09 00:00:00+05:30,335.2,340.0,332.0,338.35,1093805
2023-08-10 00:00:00+05:30,340.05,353.2,338.55,348.95,1068097
2023-08-11 00:00:00+05:30,348.3,353.1,325.05,340.65,1741549
2023-08-14 00:00:00+05:30,350.0,350.0,320.0,335.7,1412116
2023-08-16 00:00:00+05:30,335.7,343.95,329.4,333.8,538914
2023-08-17 00:00:00+05:30,335.35,338.9,315.25,326.95,381326
2023-08-18 00:00:00+05:30,326.2,329.8,318.0,319.8,502393
2023-08-21 00:00:00+05:30,320.8,334.35,320.0,329.55,448400
2023-08-22 00:00:00+05:30,331.2,332.9,319.45,320.35,690545
2023-08-23 00:00:00+05:30,322.3,327.2,302.45,305.95,1500152
2023-08-24 00:00:00+05:30,315.0,322.05,310.95,317.25,858170
2023-08-25 00:00:00+05:30,318.45,318.85,309.5,311.95,377995
2023-08-28 00:00:00+05:30,314.45,314.75,307.55,310.6,429361
2023-08-29 00:00:00+05:30,311.45,318.5,311.3,314.7,533501
2023-08-30 00:00:00+05:30,317.45,338.1,317.45,332.6,1807559
2023-08-31 00:00:00+05:30,332.6,355.0,332.55,350.2,1825783
2023-09-01 00:00:00+05:30,355.0,372.9,355.0,360.7,2021482
2023-09-04 00:00:00+05:30,364.0,372.0,361.0,363.8,790705
2023-09-05 00:00:00+05:30,365.9,381.4,365.0,370.8,1400839
2023-09-06 00:00:00+05:30,372.3,380.75,369.9,373.2,826476
2023-09-07 00:00:00+05:30,373.9,375.45,360.25,362.35,686833
2023-09-08 00:00:00+05:30,364.15,375.0,355.5,371.95,1029794
2023-09-11 00:00:00+05:30,373.8,391.0,370.15,384.55,1869453
2023-09-12 00:00:00+05:30,387.7,389.8,309.5,332.95,2357627
2023-09-13 00:00:00+05:30,339.95,359.95,335.2,348.85,1114179
2023-09-14 00:00:00+05:30,352.0,358.7,344.05,347.95,803580
2023-09-15 00:00:00+05:30,350.15,377.8,346.0,369.8,1589578
2023-09-18 00:00:00+05:30,369.05,371.05,359.0,360.65,528325
2023-09-20 00:00:00+05:30,358.0,363.7,350.5,354.4,502035
2023-09-21 00:00:00+05:30,355.1,362.45,349.0,352.2,420881
2023-09-22 00:00:00+05:30,349.0,356.1,340.05,346.1,588278
2023-09-25 00:00:00+05:30,347.85,359.85,347.8,353.5,555416
2023-09-26 00:00:00+05:30,353.5,354.55,346.3,348.7,377923
2023-09-27 00:00:00+05:30,349.0,351.5,344.25,345.65,390349
2023-09-28 00:00:00+05:30,347.55,355.0,347.2,350.3,530812
2023-09-29 00:00:00+05:30,350.3,352.0,345.0,346.6,308423
2023-10-03 00:00:00+05:30,347.85,365.95,347.3,365.0,1310900
2023-10-04 00:00:00+05:30,365.0,373.3,353.15,357.6,721674
2023-10-05 00:00:00+05:30,359.8,363.1,350.6,352.6,339416
2023-10-06 00:00:00+05:30,354.85,356.0,337.1,345.3,652800
2023-10-09 00:00:00+05:30,343.25,344.8,328.55,334.25,458340
2023-10-10 00:00:00+05:30,339.05,345.0,335.0,336.9,429887
2023-10-11 00:00:00+05:30,338.7,358.0,338.65,347.0,1484130
2023-10-12 00:00:00+05:30,348.4,361.7,347.2,357.6,730519
2023-10-13 00:00:00+05:30,357.05,366.35,355.9,361.35,523927
2023-10-16 00:00:00+05:30,363.35,381.0,361.35,377.9,1550352
2023-10-17 00:00:00+05:30,382.0,384.0,374.05,380.85,992500
2023-10-18 00:00:00+05:30,381.3,390.9,371.3,388.25,1171104
2023-10-19 00:00:00+05:30,389.4,398.8,376.0,395.95,1908212
2023-10-20 00:00:00+05:30,397.2,405.0,389.05,397.15,2824561
2023-10-23 00:00:00+05:30,397.15,406.9,361.15,365.3,1235702
2023-10-25 00:00:00+05:30,372.8,378.5,349.9,356.95,1999620
2023-10-26 00:00:00+05:30,352.0,393.8,330.0,387.6,5259019
2023-10-27 00:00:00+05:30,399.8,410.0,380.1,383.45,2849002
2023-10-30 00:00:00+05:30,388.0,419.15,381.25,413.2,3136770
2023-10-31 00:00:00+05:30,422.0,448.0,415.25,442.9,3134535
2023-11-01 00:00:00+05:30,446.8,453.7,425.05,434.85,2069243
2023-11-02 00:00:00+05:30,440.5,453.6,422.0,441.45,1572601
2023-11-03 00:00:00+05:30,445.0,467.65,441.9,460.55,2428331
2023-11-06 00:00:00+05:30,464.0,477.0,458.1,472.95,1398161
2023-11-07 00:00:00+05:30,472.95,485.0,468.55,482.55,1148468
2023-11-08 00:00:00+05:30,484.0,484.85,465.0,467.0,896192
2023-11-09 00:00:00+05:30,469.3,472.5,457.8,468.65,873698
2023-11-10 00:00:00+05:30,470.6,496.0,470.0,487.75,1537458
2023-11-12 00:00:00+05:30,492.25,497.0,491.05,495.7,358695
2023-11-13 00:00:00+05:30,496.0,496.0,485.75,492.7,493661
2023-11-15 00:00:00+05:30,493.0,514.8,490.5,506.8,1161789
2023-11-16 00:00:00+05:30,505.3,515.0,483.15,490.95,869224
2023-11-17 00:00:00+05:30,490.95,495.75,483.6,487.1,629754
2023-11-20 00:00:00+05:30,488.85,490.1,470.0,473.35,806938
2023-11-21 00:00:00+05:30,475.0,487.5,475.0,480.5,722282
2023-11-22 00:00:00+05:30,481.45,483.05,447.15,455.45,1856124
2023-11-23 00:00:00+05:30,457.95,464.6,454.35,457.25,904641
2023-11-24 00:00:00+05:30,458.0,461.2,443.8,445.45,881110
2023-11-28 00:00:00+05:30,447.55,464.75,445.1,459.7,2155044
2023-11-29 00:00:00+05:30,462.0,469.7,454.6,463.4,1310681
2023-11-30 00:00:00+05:30,460.25,478.0,446.4,464.65,2420551
2023-12-01 00:00:00+05:30,462.9,479.55,462.0,470.7,718464
2023-12-04 00:00:00+05:30,484.95,484.95,457.0,461.75,1418576
2023-12-05 00:00:00+05:30,463.8,468.5,454.5,460.3,740534
2023-12-06 00:00:00+05:30,461.2,463.1,438.0,456.3,1421367
2023-12-07 00:00:00+05:30,456.7,459.1,446.0,451.15,577746
2023-12-08 00:00:00+05:30,452.25,453.85,432.25,434.9,1590306
2023-12-11 00:00:00+05:30,437.05,447.35,431.1,439.5,1045690
2023-12-12 00:00:00+05:30,442.0,445.75,438.0,440.65,1129793
2023-12-13 00:00:00+05:30,442.3,442.5,428.0,430.3,1048200
2023-12-14 00:00:00+05:30,432.9,441.15,428.0,434.7,1207695
2023-12-15 00:00:00+05:30,434.95,450.0,434.6,436.15,928533
2023-12-18 00:00:00+05:30,433.95,444.0,422.4,433.25,1531515
2023-12-19 00:00:00+05:30,445.1,452.0,435.75,438.55,1434781
2023-12-20 00:00:00+05:30,442.0,448.8,405.95,414.1,1464764
2023-12-21 00:00:00+05:30,407.55,424.2,405.0,417.15,941142
2023-12-22 00:00:00+05:30,417.8,428.75,411.15,424.4,1185313
2023-12-26 00:00:00+05:30,424.7,426.9,418.55,422.15,528946
2023-12-27 00:00:00+05:30,422.6,424.15,409.9,412.45,650252
2023-12-28 00:00:00+05:30,414.15,418.5,407.0,408.55,689375
2023-12-29 00:00:00+05:30,408.55,419.8,407.5,412.05,804824
2024-01-01 00:00:00+05:30,412.05,425.65,404.0,422.15,1587727
2024-01-02 00:00:00+05:30,426.0,446.0,426.0,442.6,3006645
2024-01-03 00:00:00+05:30,448.05,452.55,435.15,450.4,1623994
2024-01-04 00:00:00+05:30,451.0,457.05,445.0,447.7,1113201
2024-01-05 00:00:00+05:30,450.0,458.7,442.4,449.6,1332991
2024-01-08 00:00:00+05:30,450.5,471.0,450.45,468.7,1891654
2024-01-09 00:00:00+05:30,473.0,486.5,469.7,478.9,1617163
2024-01-10 00:00:00+05:30,483.0,495.0,480.35,493.05,1448138
2024-01-11 00:00:00+05:30,495.0,500.75,486.05,489.85,1202580
2024-01-12 00:00:00+05:30,492.6,497.8,484.5,488.65,1022698
2024-01-15 00:00:00+05:30,491.45,516.8,491.4,515.0,2258990
2024-01-16 00:00:00+05:30,518.0,529.9,498.2,519.15,5474848
2024-01-17 00:00:00+05:30,531.0,538.9,517.5,520.15,3956264
2024-01-18 00:00:00+05:30,523.45,536.8,499.0,505.9,2896566
2024-01-19 00:00:00+05:30,515.0,523.9,500.55,507.65,1744257
2024-01-20 00:00:00+05:30,509.0,512.5,483.5,491.35,949126
2024-01-23 00:00:00+05:30,495.7,504.0,473.9,475.55,1557545
2024-01-24 00:00:00+05:30,476.95,497.25,471.0,490.65,1478543
2024-01-25 00:00:00+05:30,491.6,515.0,491.55,513.8,1511101
2024-01-29 00:00:00+05:30,516.4,526.9,510.3,518.7,1423829
2024-01-30 00:00:00+05:30,523.9,530.0,517.85,522.05,831431
2024-01-31 00:00:00+05:30,522.05,524.8,513.2,521.8,832118
2024-02-01 00:00:00+05:30,524.2,525.6,507.0,512.6,849832
2024-02-02 00:00:00+05:30,514.0,516.95,492.2,495.25,950437
2024-02-05 00:00:00+05:30,495.25,506.0,487.05,495.1,846900
2024-02-06 00:00:00+05:30,494.45,514.0,492.5,508.35,883958
2024-02-07 00:00:00+05:30,510.75,518.7,510.3,514.2,593954
2024-02-08 00:00:00+05:30,516.7,550.0,515.0,537.75,3229212
2024-02-09 00:00:00+05:30,544.0,546.0,520.4,533.4,1054101
2024-02-12 00:00:00+05:30,537.7,539.9,486.15,495.05,1092753
2024-02-13 00:00:00+05:30,495.05,501.95,462.7,486.7,923220
2024-02-14 00:00:00+05:30,487.8,503.15,474.55,498.65,698594
2024-02-15 00:00:00+05:30,503.65,524.25,501.95,514.45,1107781
2024-02-16 00:00:00+05:30,514.45,523.3,498.2,502.05,646628
2024-02-19 00:00:00+05:30,506.0,534.4,506.0,525.2,1344677
2024-02-20 00:00:00+05:30,543.0,558.45,528.7,537.25,1945471
2024-02-21 00:00:00+05:30,541.9,546.25,517.05,519.6,1020659
2024-02-22 00:00:00+05:30,522.7,527.9,507.85,518.9,676547
2024-02-23 00:00:00+05:30,521.0,530.0,519.1,528.65,489431
2024-02-26 00:00:00+05:30,529.0,530.8,511.05,513.65,563370
2024-02-27 00:00:00+05:30,513.65,517.0,500.0,502.5,659688
2024-02-28 00:00:00+05:30,502.5,505.35,482.55,488.8,909557
2024-02-29 00:00:00+05:30,491.75,491.75,467.25,476.95,1895894
2024-03-01 00:00:00+05:30,487.5,493.75,480.95,489.8,654787
2024-03-02 00:00:00+05:30,494.0,497.8,490.0,493.35,108145
2024-03-04 00:00:00+05:30,495.75,496.4,477.5,486.9,652019
2024-03-05 00:00:00+05:30,486.8,491.7,477.5,481.5,575252
2024-03-06 00:00:00+05:30,481.5,482.75,455.0,462.5,1018236
2024-03-07 00:00:00+05:30,463.15,473.95,463.15,465.95,431159
2024-03-11 00:00:00+05:30,466.0,468.0,445.95,449.95,652231
2024-03-12 00:00:00+05:30,452.95,457.85,435.35,442.65,1011449
2024-03-13 00:00:00+05:30,445.0,446.95,379.95,391.05,2409460
2024-03-14 00:00:00+05:30,390.0,425.25,382.0,419.45,1448253
2024-03-15 00:00:00+05:30,425.0,441.7,406.45,435.45,1262756
2024-03-18 00:00:00+05:30,433.0,441.7,413.4,417.05,1100640
2024-03-19 00:00:00+05:30,418.0,424.8,408.0,409.75,606281
2024-03-20 00:00:00+05:30,413.35,418.4,398.2,404.85,569963
2024-03-21 00:00:00+05:30,411.95,434.95,409.7,431.5,1377291
2024-03-22 00:00:00+05:30,435.0,437.1,422.55,435.3,540493
2024-03-26 00:00:00+05:30,436.0,445.0,426.0,428.8,689762
2024-03-27 00:00:00+05:30,428.0,441.95,420.0,423.65,815063
2024-03-28 00:00:00+05:30,429.0,439.2,428.8,432.7,738359
2024-04-01 00:00:00+05:30,439.2,477.9,438.85,472.95,1537781
2024-04-02 00:00:00+05:30,472.0,490.0,467.45,487.0,935931
2024-04-03 00:00:00+05:30,489.8,502.0,484.25,500.05,1099112
2024-04-04 00:00:00+05:30,504.6,514.0,496.75,500.75,1022160
2024-04-05 00:00:00+05:30,498.0,507.9,491.9,496.9,470623
2024-04-08 00:00:00+05:30,502.0,513.0,493.05,495.4,617237
2024-04-09 00:00:00+05:30,496.95,504.5,481.05,490.2,502620
2024-04-10 00:00:00+05:30,492.0,504.0,489.95,492.8,449968
2024-04-12 00:00:00+05:30,492.0,518.25,487.6,512.55,1869108
2024-04-15 00:00:00+05:30,490.1,508.95,482.2,496.05,1067252
2024-04-16 00:00:00+05:30,492.0,498.9,476.0,479.65,1005136
2024-04-18 00:00:00+05:30,485.0,496.0,477.9,483.45,636398
2024-04-19 00:00:00+05:30,477.0,490.0,464.6,480.45,803124
2024-04-22 00:00:00+05:30,484.9,495.0,480.15,492.4,641835
2024-04-23 00:00:00+05:30,496.95,504.0,494.5,496.6,563990
2024-04-24 00:00:00+05:30,499.5,537.0,498.95,533.8,3003658
2024-04-25 00:00:00+05:30,538.75,553.0,528.0,547.8,1854403
2024-04-26 00:00:00+05:30,550.85,564.0,548.3,559.4,1556993
2024-04-29 00:00:00+05:30,565.0,575.85,553.5,559.35,1198384
2024-04-30 00:00:00+05:30,561.8,562.3,544.5,555.0,831169
2024-05-02 00:00:00+05:30,555.4,564.95,552.55,555.6,825233
2024-05-03 00:00:00+05:30,558.0,580.0,548.9,575.0,1303909
2024-05-06 00:00:00+05:30,580.7,598.0,564.0,588.8,3571154
2024-05-07 00:00:00+05:30,589.9,597.8,555.0,567.95,2222584
2024-05-08 00:00:00+05:30,568.05,569.0,521.7,532.05,5147681
2024-05-09 00:00:00+05:30,542.0,546.85,519.2,522.15,1683199
2024-05-10 00:00:00+05:30,530.0,538.5,523.05,531.9,1057486
2024-05-13 00:00:00+05:30,532.95,534.9,515.4,524.1,1097963
2024-05-14 00:00:00+05:30,528.3,549.9,527.25,546.75,1264301
2024-05-15 00:00:00+05:30,551.7,553.0,541.15,547.8,782391
2024-05-16 00:00:00+05:30,553.5,560.5,537.8,540.05,1230603
2024-05-17 00:00:00+05:30,549.6,562.0,546.05,550.15,921406
2024-05-18 00:00:00+05:30,555.0,557.05,547.55,552.7,109986
2024-05-21 00:00:00+05:30,553.0,555.15,540.0,545.75,805685
2024-05-22 00:00:00+05:30,539.0,565.0,530.9,552.55,1360449
2024-05-23 00:00:00+05:30,552.55,553.95,541.25,542.95,310703
